,sitename,speciescode,vals,year,GLOB,MANO,RION,ECSP,ALAR,svl
0,SiteA,BUBO,0,2009,4,2,3,3,0,0.845700912549
1,SiteA,BUBO,1,2009,1,5,2,3,3,2.01474632078
2,SiteA,BUBO,2,2009,1,3,0,4,0,8.24622211901
3,SiteA,BUBO,3,2009,1,4,1,3,1,1.90355387999
4,SiteA,BUBO,4,2009,1,3,0,2,0,0.808438430059
5,SiteA,BUBO,5,2009,3,1,0,4,2,1.03668483039
6,SiteA,BUBO,6,2009,1,2,1,4,2,3.6422064654
7,SiteA,BUBO,7,2009,2,4,6,1,1,12.3662385105
8,SiteA,BUBO,8,2009,2,1,2,2,3,1.81816878553
9,SiteA,BUBO,9,2009,2,1,2,2,2,1.9870832575
10,SiteA,BUBO,10,2009,4,3,2,1,5,1.22862256064
11,SiteA,BUBO,11,2009,4,2,1,1,2,7.81156980965
12,SiteA,BUBO,12,2009,4,1,0,4,4,2.99509159935
13,SiteA,BUBO,13,2009,1,2,2,0,1,3.21358988081
14,SiteA,BUBO,14,2009,3,1,2,0,4,3.96242908079
15,SiteA,BUBO,15,2009,7,5,3,0,1,2.48728357012
16,SiteA,BUBO,16,2009,3,2,3,3,1,2.26485154546
17,SiteA,BUBO,17,2009,2,1,2,3,1,3.30391017861
18,SiteA,BUBO,18,2009,2,1,4,2,0,0.927797335055
19,SiteA,BUBO,19,2009,1,2,3,0,4,5.2924638559
20,SiteA,PSRE,0,2009,0,2,1,2,3,0.530309224133
21,SiteA,PSRE,1,2009,1,1,2,4,2,4.06408480062
22,SiteA,PSRE,2,2009,0,2,3,3,1,3.01627195062
23,SiteA,PSRE,3,2009,2,5,4,1,2,1.42401277256
24,SiteA,PSRE,4,2009,2,3,1,3,2,0.621194822698
25,SiteA,PSRE,5,2009,0,1,4,1,1,3.22765669691
26,SiteA,PSRE,6,2009,4,3,1,3,2,5.31538449375
27,SiteA,PSRE,7,2009,1,1,0,1,0,1.09448548683
28,SiteA,PSRE,8,2009,3,3,1,2,2,3.27901643898
29,SiteA,PSRE,9,2009,1,4,3,8,2,1.97531072398
30,SiteA,PSRE,10,2009,2,1,3,2,2,9.60583323076
31,SiteA,PSRE,11,2009,2,4,1,1,2,8.50951554602
32,SiteA,PSRE,12,2009,3,2,3,2,2,5.3852279858
33,SiteA,PSRE,13,2009,1,6,3,2,2,0.521246409401
34,SiteA,PSRE,14,2009,1,2,5,2,4,11.9811170852
35,SiteA,PSRE,15,2009,1,2,4,6,3,0.443323299922
36,SiteA,PSRE,16,2009,3,1,1,3,2,0.877665277703
37,SiteA,PSRE,17,2009,0,0,3,0,2,4.65957666537
38,SiteA,PSRE,18,2009,2,0,0,1,2,6.33591247537
39,SiteA,PSRE,19,2009,1,3,1,0,2,2.80430562837
40,SiteA,RACA,0,2009,2,1,1,1,2,2.49158903292
41,SiteA,RACA,1,2009,1,0,0,0,1,1.13435368651
42,SiteA,RACA,2,2009,0,3,1,3,4,8.08085758625
43,SiteA,RACA,3,2009,0,3,2,2,3,1.92546536729
44,SiteA,RACA,4,2009,3,0,0,3,0,6.14590704294
45,SiteA,RACA,5,2009,1,1,1,0,1,25.4841846397
46,SiteA,RACA,6,2009,0,1,1,3,3,0.781466780067
47,SiteA,RACA,7,2009,1,2,4,3,4,2.852872073
48,SiteA,RACA,8,2009,2,0,2,5,2,1.11698955466
49,SiteA,RACA,9,2009,0,2,1,0,1,13.9377080948
50,SiteA,RACA,10,2009,2,0,2,0,0,3.32726533877
51,SiteA,RACA,11,2009,0,2,2,1,1,0.888868156221
52,SiteA,RACA,12,2009,1,0,8,1,2,0.631773455323
53,SiteA,RACA,13,2009,0,1,0,3,0,0.706404197714
54,SiteA,RACA,14,2009,3,2,2,0,3,1.19992102267
55,SiteA,RACA,15,2009,1,4,0,2,1,1.80949292401
56,SiteA,RACA,16,2009,1,1,3,2,3,2.39361369624
57,SiteA,RACA,17,2009,1,1,1,1,1,2.35653868631
58,SiteA,RACA,18,2009,2,3,4,2,3,2.87996837984
59,SiteA,RACA,19,2009,2,1,5,1,1,13.487481395
60,SiteA,TATO,0,2009,1,2,1,1,1,9.87792660118
61,SiteA,TATO,1,2009,3,0,4,0,1,0.454665843824
62,SiteA,TATO,2,2009,1,3,1,0,2,5.41548216103
63,SiteA,TATO,3,2009,1,4,1,4,2,13.0194280811
64,SiteA,TATO,4,2009,2,3,3,1,2,3.70793890892
65,SiteA,TATO,5,2009,2,1,1,4,2,5.57179940758
66,SiteA,TATO,6,2009,1,2,0,2,2,0.750450362859
67,SiteA,TATO,7,2009,4,2,0,3,6,3.1312835811
68,SiteA,TATO,8,2009,1,4,2,4,3,3.482646836
69,SiteA,TATO,9,2009,2,1,2,1,0,6.77770361568
70,SiteA,TATO,10,2009,2,0,2,3,3,2.78607276511
71,SiteA,TATO,11,2009,2,1,1,4,3,2.70649706312
72,SiteA,TATO,12,2009,3,0,3,1,5,2.29496412939
73,SiteA,TATO,13,2009,0,1,2,1,2,4.84930529855
74,SiteA,TATO,14,2009,0,1,2,1,2,2.07270454748
75,SiteA,TATO,15,2009,1,3,1,5,0,2.18082412049
76,SiteA,TATO,16,2009,1,1,2,1,1,3.16144049417
77,SiteA,TATO,17,2009,4,1,2,0,3,3.12170813018
78,SiteA,TATO,18,2009,1,3,2,1,2,2.91485312079
79,SiteA,TATO,19,2009,1,2,1,2,1,0.448762817453
80,SiteA,TAGR,0,2009,2,2,2,2,3,1.29631799581
81,SiteA,TAGR,1,2009,0,1,4,2,1,3.36837145644
82,SiteA,TAGR,2,2009,1,3,6,3,2,0.708713735252
83,SiteA,TAGR,3,2009,3,1,2,1,3,1.66732259094
84,SiteA,TAGR,4,2009,0,2,1,2,2,1.05488593262
85,SiteA,TAGR,5,2009,2,1,2,5,2,0.483600428224
86,SiteA,TAGR,6,2009,1,1,2,4,8,4.19185992575
87,SiteA,TAGR,7,2009,0,2,3,1,1,1.49779404916
88,SiteA,TAGR,8,2009,4,2,2,2,2,8.36608696751
89,SiteA,TAGR,9,2009,2,1,3,1,1,2.24307116812
90,SiteA,TAGR,10,2009,4,2,0,1,4,2.19684835899
91,SiteA,TAGR,11,2009,2,1,5,5,3,2.68825361239
92,SiteA,TAGR,12,2009,2,0,2,1,1,1.3727827457
93,SiteA,TAGR,13,2009,2,4,1,3,1,0.354652540971
94,SiteA,TAGR,14,2009,0,1,2,1,1,11.721602038
95,SiteA,TAGR,15,2009,3,3,2,4,5,0.314240768643
96,SiteA,TAGR,16,2009,0,0,1,0,2,15.0893523016
97,SiteA,TAGR,17,2009,2,3,3,1,2,3.73906844678
98,SiteA,TAGR,18,2009,3,2,5,2,2,1.23446494327
99,SiteA,TAGR,19,2009,2,0,2,1,2,4.95229050619
100,SiteB,BUBO,0,2009,4,2,1,3,1,1.50721522434
101,SiteB,BUBO,1,2009,3,2,1,5,2,0.761989309463
102,SiteB,BUBO,2,2009,2,0,2,1,2,6.16587755639
103,SiteB,BUBO,3,2009,2,2,2,5,2,2.15281997171
104,SiteB,BUBO,4,2009,2,0,3,2,0,2.39298512047
105,SiteB,BUBO,5,2009,1,4,0,1,3,1.56098840513
106,SiteB,BUBO,6,2009,3,2,2,2,0,2.49369020838
107,SiteB,BUBO,7,2009,1,2,0,1,1,6.71202244997
108,SiteB,BUBO,8,2009,0,0,2,3,1,1.25975343403
109,SiteB,BUBO,9,2009,4,2,3,1,2,6.76824862596
110,SiteB,BUBO,10,2009,0,3,1,4,1,1.40393852549
111,SiteB,BUBO,11,2009,3,0,0,4,2,1.03760993758
112,SiteB,BUBO,12,2009,1,5,2,1,1,0.44067635481
113,SiteB,BUBO,13,2009,3,1,1,3,1,4.04349290419
114,SiteB,BUBO,14,2009,2,1,3,3,1,1.12093462885
115,SiteB,BUBO,15,2009,1,2,1,2,2,1.80960174282
116,SiteB,BUBO,16,2009,0,1,3,2,2,25.8551172339
117,SiteB,BUBO,17,2009,2,2,1,2,2,0.75823820841
118,SiteB,BUBO,18,2009,1,3,3,5,2,22.4091147989
119,SiteB,BUBO,19,2009,2,1,0,2,2,5.44252674008
120,SiteB,PSRE,0,2009,4,3,3,1,2,2.64394067581
121,SiteB,PSRE,1,2009,0,1,3,2,1,10.5587196834
122,SiteB,PSRE,2,2009,1,2,3,2,2,16.1670872434
123,SiteB,PSRE,3,2009,4,2,4,3,2,9.11400843312
124,SiteB,PSRE,4,2009,0,0,1,4,1,1.68269337927
125,SiteB,PSRE,5,2009,4,3,3,4,4,5.3953852075
126,SiteB,PSRE,6,2009,1,2,3,2,3,9.22835919068
127,SiteB,PSRE,7,2009,5,3,2,1,0,6.13541406653
128,SiteB,PSRE,8,2009,1,1,3,5,2,0.540555641183
129,SiteB,PSRE,9,2009,2,1,4,1,5,16.3675808224
130,SiteB,PSRE,10,2009,3,5,2,1,1,3.57440733577
131,SiteB,PSRE,11,2009,0,0,1,2,4,2.57900760869
132,SiteB,PSRE,12,2009,2,0,2,2,4,4.39755317894
133,SiteB,PSRE,13,2009,4,1,4,0,6,5.82614788801
134,SiteB,PSRE,14,2009,3,3,1,1,2,3.44129559499
135,SiteB,PSRE,15,2009,1,1,2,5,2,2.23342319012
136,SiteB,PSRE,16,2009,3,1,2,2,0,11.1439440435
137,SiteB,PSRE,17,2009,2,0,0,2,1,4.03583708662
138,SiteB,PSRE,18,2009,3,4,3,4,4,2.00984020505
139,SiteB,PSRE,19,2009,2,3,1,3,1,2.85110151112
140,SiteB,RACA,0,2009,1,1,1,3,1,4.44712590956
141,SiteB,RACA,1,2009,0,2,1,2,4,0.46705120538
142,SiteB,RACA,2,2009,2,2,3,3,1,5.79260069551
143,SiteB,RACA,3,2009,4,3,1,1,0,19.1965025491
144,SiteB,RACA,4,2009,4,4,1,3,4,8.80533292154
145,SiteB,RACA,5,2009,0,1,3,4,1,19.2891671853
146,SiteB,RACA,6,2009,0,5,0,2,3,1.23916968614
147,SiteB,RACA,7,2009,1,3,1,2,0,6.00184580541
148,SiteB,RACA,8,2009,5,1,2,3,2,1.73462309399
149,SiteB,RACA,9,2009,3,2,2,3,4,1.0836372707
150,SiteB,RACA,10,2009,1,1,1,1,2,8.32797053562
151,SiteB,RACA,11,2009,1,1,1,1,0,1.58459729027
152,SiteB,RACA,12,2009,0,3,3,2,3,0.108769557592
153,SiteB,RACA,13,2009,1,3,0,1,3,0.888146494121
154,SiteB,RACA,14,2009,1,1,3,3,1,0.696361046378
155,SiteB,RACA,15,2009,2,4,1,5,3,2.28759244449
156,SiteB,RACA,16,2009,2,0,0,1,2,4.32977114088
157,SiteB,RACA,17,2009,1,3,0,1,2,2.15018912377
158,SiteB,RACA,18,2009,2,1,2,4,1,0.451171742849
159,SiteB,RACA,19,2009,2,2,2,5,2,1.96367457333
160,SiteB,TATO,0,2009,3,0,2,0,1,0.980376414586
161,SiteB,TATO,1,2009,0,2,2,1,3,0.851060305088
162,SiteB,TATO,2,2009,3,2,2,0,2,4.23404053554
163,SiteB,TATO,3,2009,1,1,3,4,1,0.168124538701
164,SiteB,TATO,4,2009,2,0,2,0,3,2.33974801545
165,SiteB,TATO,5,2009,1,4,3,1,1,2.87813340355
166,SiteB,TATO,6,2009,0,3,1,4,3,1.80952783587
167,SiteB,TATO,7,2009,4,1,1,5,1,0.626105610788
168,SiteB,TATO,8,2009,4,4,2,2,2,18.0538392024
169,SiteB,TATO,9,2009,4,3,0,1,5,5.5912636386
170,SiteB,TATO,10,2009,2,2,1,1,1,2.9039754124
171,SiteB,TATO,11,2009,3,1,2,2,3,10.3425005224
172,SiteB,TATO,12,2009,1,0,4,2,3,2.93856792514
173,SiteB,TATO,13,2009,0,4,2,4,1,2.14964989512
174,SiteB,TATO,14,2009,4,2,2,2,2,9.35364268627
175,SiteB,TATO,15,2009,4,3,1,3,4,0.814132632217
176,SiteB,TATO,16,2009,0,3,0,2,2,3.06836474652
177,SiteB,TATO,17,2009,3,2,0,0,4,10.1133507797
178,SiteB,TATO,18,2009,2,3,1,3,1,1.58290279973
179,SiteB,TATO,19,2009,3,2,1,0,4,3.59836389786
180,SiteB,TAGR,0,2009,2,1,6,1,2,0.763471222087
181,SiteB,TAGR,1,2009,5,2,2,1,2,24.1746787493
182,SiteB,TAGR,2,2009,0,4,1,2,3,1.52779525659
183,SiteB,TAGR,3,2009,3,0,3,0,5,4.94692780495
184,SiteB,TAGR,4,2009,3,3,2,3,2,0.639978585435
185,SiteB,TAGR,5,2009,1,3,0,2,1,6.5771466282
186,SiteB,TAGR,6,2009,3,1,1,2,3,1.54075620677
187,SiteB,TAGR,7,2009,2,2,4,0,1,9.35076612294
188,SiteB,TAGR,8,2009,3,4,2,4,4,0.689603035044
189,SiteB,TAGR,9,2009,2,0,2,1,2,1.43206847146
190,SiteB,TAGR,10,2009,1,2,1,5,2,2.80852592413
191,SiteB,TAGR,11,2009,2,3,0,3,3,2.82161428738
192,SiteB,TAGR,12,2009,1,1,2,3,1,0.675592265327
193,SiteB,TAGR,13,2009,1,4,2,2,2,0.828879375734
194,SiteB,TAGR,14,2009,4,1,5,1,3,1.77081496767
195,SiteB,TAGR,15,2009,1,3,1,3,1,2.68259354911
196,SiteB,TAGR,16,2009,2,3,1,4,4,4.00342830234
197,SiteB,TAGR,17,2009,0,1,4,3,1,0.716541709385
198,SiteB,TAGR,18,2009,3,1,2,1,4,1.53370961986
199,SiteB,TAGR,19,2009,3,1,4,2,0,9.19079578602
200,SiteC,BUBO,0,2009,1,2,2,1,2,1.15698073367
201,SiteC,BUBO,1,2009,4,1,0,5,3,7.35859263475
202,SiteC,BUBO,2,2009,3,3,2,0,3,0.711111480117
203,SiteC,BUBO,3,2009,4,2,1,1,3,8.12882287121
204,SiteC,BUBO,4,2009,1,3,3,3,1,6.72136839599
205,SiteC,BUBO,5,2009,0,0,0,4,6,1.59216449626
206,SiteC,BUBO,6,2009,5,2,3,1,2,9.82389415106
207,SiteC,BUBO,7,2009,0,0,0,3,1,2.14185415793
208,SiteC,BUBO,8,2009,4,2,2,2,2,2.65784821183
209,SiteC,BUBO,9,2009,3,1,1,1,2,24.4058396761
210,SiteC,BUBO,10,2009,0,7,1,1,4,4.98128020095
211,SiteC,BUBO,11,2009,2,1,1,1,3,3.43644901184
212,SiteC,BUBO,12,2009,2,2,1,2,2,3.68769224639
213,SiteC,BUBO,13,2009,4,4,2,4,3,4.00265148696
214,SiteC,BUBO,14,2009,1,0,1,2,0,0.942773504941
215,SiteC,BUBO,15,2009,1,4,2,3,0,3.46462601698
216,SiteC,BUBO,16,2009,3,2,5,4,1,0.388228901813
217,SiteC,BUBO,17,2009,3,3,1,2,1,3.4285639705
218,SiteC,BUBO,18,2009,1,1,4,5,5,2.65681328541
219,SiteC,BUBO,19,2009,1,3,1,1,4,4.68657838369
220,SiteC,PSRE,0,2009,3,0,0,3,2,1.8923685798
221,SiteC,PSRE,1,2009,3,0,0,1,0,0.424725968871
222,SiteC,PSRE,2,2009,2,0,3,2,1,1.40075390479
223,SiteC,PSRE,3,2009,2,4,1,2,2,7.69555678074
224,SiteC,PSRE,4,2009,1,2,3,0,0,1.39164382659
225,SiteC,PSRE,5,2009,1,4,3,3,1,6.07065098869
226,SiteC,PSRE,6,2009,1,1,2,1,5,7.66108633217
227,SiteC,PSRE,7,2009,1,0,4,2,1,0.334569242339
228,SiteC,PSRE,8,2009,1,1,0,5,3,6.22960860527
229,SiteC,PSRE,9,2009,2,3,3,3,0,0.722402982683
230,SiteC,PSRE,10,2009,5,3,3,1,0,0.169288412455
231,SiteC,PSRE,11,2009,2,2,2,1,3,3.29210287769
232,SiteC,PSRE,12,2009,1,1,2,3,3,0.404347827151
233,SiteC,PSRE,13,2009,3,1,4,4,1,1.66456182324
234,SiteC,PSRE,14,2009,6,0,0,3,5,0.940951786465
235,SiteC,PSRE,15,2009,2,1,1,1,1,1.23888175839
236,SiteC,PSRE,16,2009,4,6,2,1,1,1.66287276926
237,SiteC,PSRE,17,2009,1,4,3,3,1,1.97764015205
238,SiteC,PSRE,18,2009,1,2,2,2,0,7.04849370931
239,SiteC,PSRE,19,2009,1,5,3,5,3,2.2243436055
240,SiteC,RACA,0,2009,1,0,3,4,1,5.81727951407
241,SiteC,RACA,1,2009,1,3,0,2,2,11.5326611067
242,SiteC,RACA,2,2009,0,2,0,3,3,0.798347899793
243,SiteC,RACA,3,2009,2,1,0,4,2,7.04931598485
244,SiteC,RACA,4,2009,1,3,4,2,2,8.55465237023
245,SiteC,RACA,5,2009,2,1,0,2,3,4.91288223952
246,SiteC,RACA,6,2009,3,1,3,0,2,0.722548393547
247,SiteC,RACA,7,2009,1,1,1,1,4,5.74433830214
248,SiteC,RACA,8,2009,0,2,3,3,2,0.740247853089
249,SiteC,RACA,9,2009,2,3,1,2,2,0.216768278244
250,SiteC,RACA,10,2009,2,0,3,3,2,22.8148296199
251,SiteC,RACA,11,2009,2,3,1,1,6,1.01172212555
252,SiteC,RACA,12,2009,4,3,4,4,1,0.672580033469
253,SiteC,RACA,13,2009,1,0,3,4,1,4.57778339454
254,SiteC,RACA,14,2009,0,2,0,3,1,10.6896913684
255,SiteC,RACA,15,2009,0,4,2,2,2,1.23014221445
256,SiteC,RACA,16,2009,0,1,1,1,1,16.9249624271
257,SiteC,RACA,17,2009,2,4,1,1,5,3.68585443855
258,SiteC,RACA,18,2009,2,1,6,1,0,1.50992980453
259,SiteC,RACA,19,2009,3,0,1,2,0,1.77858694023
260,SiteC,TATO,0,2009,1,3,1,2,2,8.14189717553
261,SiteC,TATO,1,2009,1,2,0,5,3,10.6716112699
262,SiteC,TATO,2,2009,1,2,0,3,0,3.11042355906
263,SiteC,TATO,3,2009,2,0,2,1,2,1.45687520094
264,SiteC,TATO,4,2009,6,3,4,1,0,4.37332637116
265,SiteC,TATO,5,2009,5,2,0,3,0,9.05964362448
266,SiteC,TATO,6,2009,2,2,6,1,2,3.31439446841
267,SiteC,TATO,7,2009,1,2,2,2,2,1.73659229729
268,SiteC,TATO,8,2009,2,1,4,1,1,1.72614426121
269,SiteC,TATO,9,2009,2,2,0,2,2,2.1062462867
270,SiteC,TATO,10,2009,4,2,2,2,3,5.67745214304
271,SiteC,TATO,11,2009,0,3,3,1,3,1.85306615116
272,SiteC,TATO,12,2009,3,0,1,3,1,26.6455446177
273,SiteC,TATO,13,2009,1,5,1,0,0,0.50942919169
274,SiteC,TATO,14,2009,2,3,1,1,2,4.5330096026
275,SiteC,TATO,15,2009,4,2,1,2,2,1.66768180658
276,SiteC,TATO,16,2009,2,1,6,0,4,2.05521228761
277,SiteC,TATO,17,2009,1,1,2,2,3,4.80955611018
278,SiteC,TATO,18,2009,2,3,0,4,3,4.48034413428
279,SiteC,TATO,19,2009,5,3,4,2,2,0.90271561208
280,SiteC,TAGR,0,2009,1,3,2,2,1,2.28257584507
281,SiteC,TAGR,1,2009,0,0,1,0,5,2.51709003491
282,SiteC,TAGR,2,2009,4,1,1,0,0,0.887173405676
283,SiteC,TAGR,3,2009,1,1,2,3,0,1.85210838849
284,SiteC,TAGR,4,2009,2,2,3,1,0,2.67514905402
285,SiteC,TAGR,5,2009,3,6,3,1,0,0.299110457786
286,SiteC,TAGR,6,2009,6,1,4,2,1,2.50025731202
287,SiteC,TAGR,7,2009,4,4,1,4,0,0.635356736503
288,SiteC,TAGR,8,2009,3,1,1,1,4,6.55374570214
289,SiteC,TAGR,9,2009,4,2,2,1,0,0.489419970291
290,SiteC,TAGR,10,2009,1,1,2,4,1,3.04248556129
291,SiteC,TAGR,11,2009,2,1,0,0,4,1.78467101882
292,SiteC,TAGR,12,2009,1,1,1,1,6,13.0846998579
293,SiteC,TAGR,13,2009,1,3,3,4,2,10.5159688663
294,SiteC,TAGR,14,2009,0,5,3,1,4,1.17638917243
295,SiteC,TAGR,15,2009,0,2,0,3,1,6.65390709005
296,SiteC,TAGR,16,2009,1,3,2,0,1,4.52125902623
297,SiteC,TAGR,17,2009,3,1,0,5,0,8.1451297732
298,SiteC,TAGR,18,2009,1,4,1,3,1,1.4789918999
299,SiteC,TAGR,19,2009,1,4,0,1,3,0.79818552776
300,SiteA,BUBO,0,2010,1,1,0,1,2,0.703915427083
301,SiteA,BUBO,1,2010,5,5,1,2,2,3.72202863731
302,SiteA,BUBO,2,2010,1,5,3,1,1,22.5983663081
303,SiteA,BUBO,3,2010,3,1,2,2,5,4.51459799065
304,SiteA,BUBO,4,2010,4,1,2,4,3,3.79403202125
305,SiteA,BUBO,5,2010,2,4,2,1,2,1.77302366131
306,SiteA,BUBO,6,2010,2,1,2,2,1,0.521536367003
307,SiteA,BUBO,7,2010,3,2,2,0,2,1.27355974748
308,SiteA,BUBO,8,2010,2,4,0,1,2,3.19227972018
309,SiteA,BUBO,9,2010,3,3,4,1,1,8.58971971265
310,SiteA,BUBO,10,2010,1,3,0,2,3,1.10646635816
311,SiteA,BUBO,11,2010,2,4,3,2,1,0.479379982304
312,SiteA,BUBO,12,2010,4,4,0,1,3,2.42872195503
313,SiteA,BUBO,13,2010,2,2,3,0,1,0.657305916933
314,SiteA,BUBO,14,2010,2,5,1,3,1,6.35777840855
315,SiteA,BUBO,15,2010,1,5,3,2,1,7.37318633138
316,SiteA,BUBO,16,2010,4,1,0,3,2,0.463399841495
317,SiteA,BUBO,17,2010,4,2,0,2,3,1.12975646013
318,SiteA,BUBO,18,2010,2,1,1,2,1,13.187503298
319,SiteA,BUBO,19,2010,2,1,2,1,2,2.21393627973
320,SiteA,PSRE,0,2010,4,3,2,4,2,3.46901720432
321,SiteA,PSRE,1,2010,3,1,1,2,0,1.86770560953
322,SiteA,PSRE,2,2010,3,1,1,2,2,4.62073080467
323,SiteA,PSRE,3,2010,4,2,0,2,5,1.46585643012
324,SiteA,PSRE,4,2010,4,1,1,2,4,10.2521609312
325,SiteA,PSRE,5,2010,0,1,4,2,2,0.788247542503
326,SiteA,PSRE,6,2010,0,0,1,2,3,4.02916386696
327,SiteA,PSRE,7,2010,5,1,1,2,2,2.94766228953
328,SiteA,PSRE,8,2010,4,2,0,2,3,3.52437223055
329,SiteA,PSRE,9,2010,3,2,1,1,3,10.0589747702
330,SiteA,PSRE,10,2010,2,1,4,1,0,3.664822706
331,SiteA,PSRE,11,2010,1,2,2,1,1,2.01744524273
332,SiteA,PSRE,12,2010,3,2,2,3,1,5.32301231569
333,SiteA,PSRE,13,2010,5,4,0,1,2,1.33368858159
334,SiteA,PSRE,14,2010,1,2,2,3,4,2.35341647956
335,SiteA,PSRE,15,2010,2,1,1,0,0,1.20465354722
336,SiteA,PSRE,16,2010,2,2,1,1,1,2.06441722867
337,SiteA,PSRE,17,2010,5,0,3,2,2,3.53101720145
338,SiteA,PSRE,18,2010,2,3,2,5,5,4.91783761938
339,SiteA,PSRE,19,2010,0,3,2,2,1,1.90412768866
340,SiteA,RACA,0,2010,2,3,1,3,1,0.370620593243
341,SiteA,RACA,1,2010,2,3,0,3,2,14.4278233184
342,SiteA,RACA,2,2010,3,3,4,1,0,0.383717999265
343,SiteA,RACA,3,2010,1,1,4,4,0,3.58139042838
344,SiteA,RACA,4,2010,3,1,0,0,3,2.59731772469
345,SiteA,RACA,5,2010,1,2,2,3,2,2.39482073798
346,SiteA,RACA,6,2010,1,3,2,2,1,0.668346250393
347,SiteA,RACA,7,2010,2,4,1,2,1,2.2694226166
348,SiteA,RACA,8,2010,2,2,1,1,2,1.49873210428
349,SiteA,RACA,9,2010,0,2,4,3,3,0.893566248566
350,SiteA,RACA,10,2010,3,3,2,4,3,1.18371475528
351,SiteA,RACA,11,2010,1,3,1,1,1,2.14377257199
352,SiteA,RACA,12,2010,3,1,4,3,1,2.98367138084
353,SiteA,RACA,13,2010,1,1,2,2,5,1.31948702776
354,SiteA,RACA,14,2010,5,2,0,1,0,4.85719171779
355,SiteA,RACA,15,2010,2,1,1,1,2,15.9162753937
356,SiteA,RACA,16,2010,3,0,2,2,5,1.58885233393
357,SiteA,RACA,17,2010,1,1,1,5,3,1.41289508147
358,SiteA,RACA,18,2010,3,7,1,1,3,2.25603941397
359,SiteA,RACA,19,2010,1,4,1,4,0,14.7898819253
360,SiteA,TATO,0,2010,2,0,1,4,4,20.5206032275
361,SiteA,TATO,1,2010,2,1,2,1,2,3.23031769096
362,SiteA,TATO,2,2010,3,1,3,3,4,2.62608925467
363,SiteA,TATO,3,2010,4,2,0,1,3,0.797608340025
364,SiteA,TATO,4,2010,1,1,1,1,2,0.801263966552
365,SiteA,TATO,5,2010,4,3,2,1,2,1.63750006502
366,SiteA,TATO,6,2010,1,3,2,0,1,1.5214147353
367,SiteA,TATO,7,2010,0,1,2,3,2,1.73499488891
368,SiteA,TATO,8,2010,1,0,0,2,2,0.646363666923
369,SiteA,TATO,9,2010,1,3,1,0,2,1.99666691702
370,SiteA,TATO,10,2010,3,1,1,4,0,5.19135948883
371,SiteA,TATO,11,2010,3,2,2,3,1,2.62309924283
372,SiteA,TATO,12,2010,1,2,1,3,4,1.79787005782
373,SiteA,TATO,13,2010,4,2,3,2,3,1.0544596689
374,SiteA,TATO,14,2010,2,1,3,4,4,2.02910906239
375,SiteA,TATO,15,2010,4,3,1,1,3,16.7173743289
376,SiteA,TATO,16,2010,2,1,2,2,3,11.6292307882
377,SiteA,TATO,17,2010,0,1,1,5,0,0.939663855194
378,SiteA,TATO,18,2010,0,1,1,5,1,2.85418655616
379,SiteA,TATO,19,2010,1,2,0,1,2,2.07370714595
380,SiteA,TAGR,0,2010,1,3,3,2,1,1.05569516547
381,SiteA,TAGR,1,2010,1,3,2,2,2,6.93009711384
382,SiteA,TAGR,2,2010,7,3,3,2,0,1.02747550656
383,SiteA,TAGR,3,2010,0,2,2,3,1,1.22507348628
384,SiteA,TAGR,4,2010,1,1,3,2,2,2.22481661953
385,SiteA,TAGR,5,2010,2,3,1,3,3,8.22704248441
386,SiteA,TAGR,6,2010,2,4,7,1,1,0.364671050001
387,SiteA,TAGR,7,2010,1,3,1,1,1,0.446656911602
388,SiteA,TAGR,8,2010,2,1,4,2,0,1.78947407726
389,SiteA,TAGR,9,2010,4,1,1,1,0,4.84519649447
390,SiteA,TAGR,10,2010,1,2,2,2,2,8.32793879137
391,SiteA,TAGR,11,2010,1,0,3,4,1,2.11142440351
392,SiteA,TAGR,12,2010,6,0,2,6,2,2.60197382049
393,SiteA,TAGR,13,2010,0,2,4,0,0,4.52567800737
394,SiteA,TAGR,14,2010,1,3,4,4,0,3.68985010537
395,SiteA,TAGR,15,2010,4,2,0,1,1,8.79319188708
396,SiteA,TAGR,16,2010,2,5,4,2,4,2.15753503098
397,SiteA,TAGR,17,2010,1,1,2,1,2,4.37065603966
398,SiteA,TAGR,18,2010,3,0,3,2,0,7.91652247861
399,SiteA,TAGR,19,2010,0,2,3,1,3,5.786022164
400,SiteB,BUBO,0,2010,2,3,2,1,7,2.22080640761
401,SiteB,BUBO,1,2010,3,2,3,2,1,3.30805043261
402,SiteB,BUBO,2,2010,1,1,2,2,1,1.95116581754
403,SiteB,BUBO,3,2010,1,0,0,1,1,0.430023103899
404,SiteB,BUBO,4,2010,2,1,4,4,0,4.48197942798
405,SiteB,BUBO,5,2010,3,1,0,0,4,7.83062920978
406,SiteB,BUBO,6,2010,0,0,2,0,2,1.29105852585
407,SiteB,BUBO,7,2010,1,1,1,2,1,2.18009041993
408,SiteB,BUBO,8,2010,3,1,2,5,1,1.44378523117
409,SiteB,BUBO,9,2010,1,1,2,2,3,1.31577819177
410,SiteB,BUBO,10,2010,0,1,4,1,0,1.99519288698
411,SiteB,BUBO,11,2010,0,0,0,0,2,3.68076502654
412,SiteB,BUBO,12,2010,7,3,3,3,2,4.01445006336
413,SiteB,BUBO,13,2010,3,1,1,2,2,0.56719471722
414,SiteB,BUBO,14,2010,1,4,3,3,3,4.75879819573
415,SiteB,BUBO,15,2010,5,1,2,4,2,8.17782563247
416,SiteB,BUBO,16,2010,3,1,3,3,3,5.47097936987
417,SiteB,BUBO,17,2010,0,1,6,0,1,19.4242066214
418,SiteB,BUBO,18,2010,1,3,5,2,4,7.61824498034
419,SiteB,BUBO,19,2010,1,2,1,2,1,0.512247879073
420,SiteB,PSRE,0,2010,1,3,3,0,4,0.912510469372
421,SiteB,PSRE,1,2010,1,3,1,1,1,0.659948937116
422,SiteB,PSRE,2,2010,3,1,2,0,2,2.21842161458
423,SiteB,PSRE,3,2010,1,0,0,3,7,6.25141971967
424,SiteB,PSRE,4,2010,5,2,3,2,4,2.41041808028
425,SiteB,PSRE,5,2010,2,2,2,2,1,1.16436018877
426,SiteB,PSRE,6,2010,1,0,5,0,1,8.02418734352
427,SiteB,PSRE,7,2010,1,4,2,3,5,4.33955303788
428,SiteB,PSRE,8,2010,3,1,1,0,3,11.4042401227
429,SiteB,PSRE,9,2010,4,1,1,4,3,4.06085490484
430,SiteB,PSRE,10,2010,0,4,0,1,5,1.68962042447
431,SiteB,PSRE,11,2010,2,3,2,1,0,3.04780294496
432,SiteB,PSRE,12,2010,2,2,1,4,2,0.906686123855
433,SiteB,PSRE,13,2010,0,8,2,4,2,1.40126008937
434,SiteB,PSRE,14,2010,1,2,2,3,1,0.539199719407
435,SiteB,PSRE,15,2010,4,2,2,1,1,0.171037598254
436,SiteB,PSRE,16,2010,1,2,0,1,3,3.29532644109
437,SiteB,PSRE,17,2010,2,1,1,2,3,1.64264803476
438,SiteB,PSRE,18,2010,1,3,0,0,3,0.707553475584
439,SiteB,PSRE,19,2010,2,2,0,3,3,2.93714303248
440,SiteB,RACA,0,2010,0,0,3,1,1,4.55157986084
441,SiteB,RACA,1,2010,1,0,2,3,3,6.201271429
442,SiteB,RACA,2,2010,0,1,2,1,2,1.26664392725
443,SiteB,RACA,3,2010,3,4,2,3,2,1.61849595165
444,SiteB,RACA,4,2010,1,1,2,2,0,3.79523803251
445,SiteB,RACA,5,2010,4,1,1,6,2,0.926208676406
446,SiteB,RACA,6,2010,3,3,1,4,0,3.71524512224
447,SiteB,RACA,7,2010,2,1,1,1,3,1.69118807845
448,SiteB,RACA,8,2010,3,3,3,1,3,8.34181470515
449,SiteB,RACA,9,2010,3,6,1,3,1,2.50186101228
450,SiteB,RACA,10,2010,6,1,0,3,0,4.49939394299
451,SiteB,RACA,11,2010,2,1,1,1,2,7.201849944
452,SiteB,RACA,12,2010,1,3,5,1,2,15.511941138
453,SiteB,RACA,13,2010,2,2,0,3,3,3.13277731619
454,SiteB,RACA,14,2010,1,3,3,1,1,0.127467385253
455,SiteB,RACA,15,2010,1,4,0,4,3,4.06246922335
456,SiteB,RACA,16,2010,1,1,2,2,3,2.0577868895
457,SiteB,RACA,17,2010,3,1,4,2,5,2.28874462802
458,SiteB,RACA,18,2010,3,0,0,3,1,6.2171896043
459,SiteB,RACA,19,2010,1,0,3,1,3,1.61587177237
460,SiteB,TATO,0,2010,2,0,1,2,3,3.37544986233
461,SiteB,TATO,1,2010,2,4,2,5,0,9.35834480072
462,SiteB,TATO,2,2010,6,10,4,5,2,1.73601592266
463,SiteB,TATO,3,2010,0,1,1,2,1,0.668588549725
464,SiteB,TATO,4,2010,2,0,0,0,2,19.0264137772
465,SiteB,TATO,5,2010,5,0,1,4,3,3.87650622597
466,SiteB,TATO,6,2010,2,4,2,6,3,1.61554189884
467,SiteB,TATO,7,2010,2,0,6,0,0,1.15776573509
468,SiteB,TATO,8,2010,2,2,6,2,2,34.7059025502
469,SiteB,TATO,9,2010,2,0,2,3,2,9.46783641392
470,SiteB,TATO,10,2010,1,3,4,6,1,4.82231283184
471,SiteB,TATO,11,2010,4,2,2,4,0,0.432693107803
472,SiteB,TATO,12,2010,3,4,1,3,4,7.38842749816
473,SiteB,TATO,13,2010,5,3,0,3,1,3.51567253312
474,SiteB,TATO,14,2010,1,4,4,3,7,1.57014711697
475,SiteB,TATO,15,2010,3,0,0,6,2,1.73990522361
476,SiteB,TATO,16,2010,1,2,2,1,2,2.7281238849
477,SiteB,TATO,17,2010,1,0,1,2,2,1.1679163
478,SiteB,TATO,18,2010,2,3,2,0,3,2.08509897093
479,SiteB,TATO,19,2010,3,0,2,0,2,0.292436313375
480,SiteB,TAGR,0,2010,1,2,0,0,4,2.73124088273
481,SiteB,TAGR,1,2010,3,0,2,4,0,1.77806597747
482,SiteB,TAGR,2,2010,4,1,4,3,0,4.41498226762
483,SiteB,TAGR,3,2010,0,0,1,2,4,2.52731214064
484,SiteB,TAGR,4,2010,2,3,0,2,2,13.3955369939
485,SiteB,TAGR,5,2010,3,2,2,1,2,1.82297187547
486,SiteB,TAGR,6,2010,2,2,4,0,4,5.29241455194
487,SiteB,TAGR,7,2010,2,1,0,1,3,3.48233090462
488,SiteB,TAGR,8,2010,2,1,1,0,3,4.06552936621
489,SiteB,TAGR,9,2010,0,1,1,3,1,1.94240819413
490,SiteB,TAGR,10,2010,3,3,2,2,1,2.40359805237
491,SiteB,TAGR,11,2010,2,3,3,3,1,4.69525282782
492,SiteB,TAGR,12,2010,3,1,2,0,1,1.69203721219
493,SiteB,TAGR,13,2010,3,2,3,0,2,4.44067708068
494,SiteB,TAGR,14,2010,2,1,2,3,1,1.2531818182
495,SiteB,TAGR,15,2010,2,2,1,2,0,1.80067719327
496,SiteB,TAGR,16,2010,2,3,1,0,1,1.73179260118
497,SiteB,TAGR,17,2010,5,2,1,6,0,0.94340442254
498,SiteB,TAGR,18,2010,2,2,1,3,2,3.33151771728
499,SiteB,TAGR,19,2010,1,0,2,1,3,4.58329690235
500,SiteC,BUBO,0,2010,2,2,1,0,4,2.74133433334
501,SiteC,BUBO,1,2010,1,0,0,1,1,1.17314704486
502,SiteC,BUBO,2,2010,2,5,1,2,1,1.52403892797
503,SiteC,BUBO,3,2010,3,3,4,3,0,0.6512401225
504,SiteC,BUBO,4,2010,0,5,0,3,1,3.07215656272
505,SiteC,BUBO,5,2010,1,3,1,2,1,1.94386072054
506,SiteC,BUBO,6,2010,0,2,3,4,5,3.11852058725
507,SiteC,BUBO,7,2010,2,1,3,2,3,11.7777239755
508,SiteC,BUBO,8,2010,5,2,2,0,3,4.40729384948
509,SiteC,BUBO,9,2010,4,0,0,3,2,1.46548216991
510,SiteC,BUBO,10,2010,1,4,1,1,0,6.38195530866
511,SiteC,BUBO,11,2010,3,3,3,5,0,0.99964789989
512,SiteC,BUBO,12,2010,0,3,0,1,1,2.55198818214
513,SiteC,BUBO,13,2010,1,1,1,3,0,4.25401564445
514,SiteC,BUBO,14,2010,3,2,3,0,2,1.26587777844
515,SiteC,BUBO,15,2010,1,4,1,1,2,3.74984975908
516,SiteC,BUBO,16,2010,1,4,2,0,4,3.75270563287
517,SiteC,BUBO,17,2010,0,2,1,2,4,0.777489876311
518,SiteC,BUBO,18,2010,4,0,2,3,2,4.1869363349
519,SiteC,BUBO,19,2010,2,0,1,2,3,5.6795360244
520,SiteC,PSRE,0,2010,0,0,0,0,3,4.5399047436
521,SiteC,PSRE,1,2010,2,3,4,3,3,2.64691249292
522,SiteC,PSRE,2,2010,4,3,3,1,4,0.915227431242
523,SiteC,PSRE,3,2010,2,3,3,1,3,1.6947072101
524,SiteC,PSRE,4,2010,2,1,1,0,2,0.412388037706
525,SiteC,PSRE,5,2010,2,2,0,3,1,1.82926970742
526,SiteC,PSRE,6,2010,1,1,1,1,0,2.96465390945
527,SiteC,PSRE,7,2010,2,1,0,1,2,16.5933931583
528,SiteC,PSRE,8,2010,3,2,1,3,3,0.218980936484
529,SiteC,PSRE,9,2010,2,6,2,2,1,1.17625786197
530,SiteC,PSRE,10,2010,3,4,5,2,1,1.24523690513
531,SiteC,PSRE,11,2010,1,1,1,2,4,9.98044500822
532,SiteC,PSRE,12,2010,3,0,0,0,4,4.03087339183
533,SiteC,PSRE,13,2010,4,4,2,0,3,0.386635468602
534,SiteC,PSRE,14,2010,0,1,3,5,1,0.544470563189
535,SiteC,PSRE,15,2010,1,0,1,1,1,6.93379683848
536,SiteC,PSRE,16,2010,1,0,1,2,0,5.69188304331
537,SiteC,PSRE,17,2010,1,4,0,1,4,2.80842420729
538,SiteC,PSRE,18,2010,3,5,3,3,1,2.4719851418
539,SiteC,PSRE,19,2010,1,4,3,2,2,2.05857805659
540,SiteC,RACA,0,2010,2,3,3,0,3,7.66789882911
541,SiteC,RACA,1,2010,2,3,0,1,1,0.547565497479
542,SiteC,RACA,2,2010,2,1,3,0,1,5.01254454293
543,SiteC,RACA,3,2010,2,3,1,6,1,1.48993713218
544,SiteC,RACA,4,2010,3,2,0,2,2,1.18300950611
545,SiteC,RACA,5,2010,4,2,2,1,2,3.11475948252
546,SiteC,RACA,6,2010,3,2,1,3,2,12.1576304476
547,SiteC,RACA,7,2010,1,2,2,2,1,2.46552777807
548,SiteC,RACA,8,2010,2,1,3,4,1,0.398967773756
549,SiteC,RACA,9,2010,2,1,0,2,2,8.18597968002
550,SiteC,RACA,10,2010,0,2,1,3,1,4.51615588693
551,SiteC,RACA,11,2010,1,2,2,1,3,1.05488891594
552,SiteC,RACA,12,2010,2,1,3,1,2,4.03352332905
553,SiteC,RACA,13,2010,1,3,0,3,3,1.50965609044
554,SiteC,RACA,14,2010,1,0,4,2,2,4.87561447074
555,SiteC,RACA,15,2010,4,2,2,0,1,1.5606984715
556,SiteC,RACA,16,2010,2,4,2,3,2,3.54705342865
557,SiteC,RACA,17,2010,1,3,2,0,4,1.27803918319
558,SiteC,RACA,18,2010,0,1,1,4,2,1.89791742175
559,SiteC,RACA,19,2010,1,0,4,0,1,3.6723681062
560,SiteC,TATO,0,2010,2,2,2,1,3,13.6699842426
561,SiteC,TATO,1,2010,0,1,2,3,1,0.797692827161
562,SiteC,TATO,2,2010,3,2,4,1,1,2.33950833353
563,SiteC,TATO,3,2010,1,0,5,2,2,8.33101896456
564,SiteC,TATO,4,2010,3,2,3,2,1,5.19724456951
565,SiteC,TATO,5,2010,2,2,0,0,3,22.533238776
566,SiteC,TATO,6,2010,1,4,4,3,1,9.77624546596
567,SiteC,TATO,7,2010,1,2,2,1,5,1.46309112833
568,SiteC,TATO,8,2010,4,4,2,0,6,1.51039875807
569,SiteC,TATO,9,2010,1,2,1,2,2,12.9899599696
570,SiteC,TATO,10,2010,0,1,3,0,2,0.414078524567
571,SiteC,TATO,11,2010,1,5,4,1,3,1.10878738242
572,SiteC,TATO,12,2010,2,2,4,1,1,5.52476742564
573,SiteC,TATO,13,2010,1,2,2,1,4,2.8672931578
574,SiteC,TATO,14,2010,3,2,6,2,0,3.38302681334
575,SiteC,TATO,15,2010,3,2,1,1,2,1.00761598721
576,SiteC,TATO,16,2010,4,2,1,0,1,2.32188095918
577,SiteC,TATO,17,2010,1,1,1,3,2,3.06347804693
578,SiteC,TATO,18,2010,1,2,3,0,3,33.5261109289
579,SiteC,TATO,19,2010,1,3,3,5,2,0.747912970114
580,SiteC,TAGR,0,2010,5,0,2,0,0,13.7999463977
581,SiteC,TAGR,1,2010,4,2,4,1,2,1.55132917813
582,SiteC,TAGR,2,2010,4,6,2,2,1,3.00603766581
583,SiteC,TAGR,3,2010,1,4,2,2,1,1.99642332944
584,SiteC,TAGR,4,2010,1,2,3,2,1,0.922495177956
585,SiteC,TAGR,5,2010,1,3,3,2,2,1.97588245005
586,SiteC,TAGR,6,2010,2,2,0,0,1,1.5728877929
587,SiteC,TAGR,7,2010,4,5,0,0,2,1.21140559535
588,SiteC,TAGR,8,2010,2,0,1,2,2,16.1773403622
589,SiteC,TAGR,9,2010,3,5,2,4,0,3.40635418946
590,SiteC,TAGR,10,2010,2,3,2,3,2,0.436421630269
591,SiteC,TAGR,11,2010,3,3,3,0,1,4.75915622277
592,SiteC,TAGR,12,2010,3,3,2,3,0,3.77299080094
593,SiteC,TAGR,13,2010,2,1,2,1,3,1.512857155
594,SiteC,TAGR,14,2010,2,2,2,3,2,5.68700093221
595,SiteC,TAGR,15,2010,1,1,2,2,3,1.38096198288
596,SiteC,TAGR,16,2010,2,0,1,4,1,6.52049252736
597,SiteC,TAGR,17,2010,1,2,4,0,2,0.482419026824
598,SiteC,TAGR,18,2010,1,0,1,2,3,2.36377678384
599,SiteC,TAGR,19,2010,0,2,1,1,5,7.67084147101
600,SiteA,BUBO,0,2011,3,2,0,2,2,2.79533826309
601,SiteA,BUBO,1,2011,5,3,2,2,0,5.55945752258
602,SiteA,BUBO,2,2011,1,0,5,3,1,5.81766327306
603,SiteA,BUBO,3,2011,3,0,2,3,3,1.20127997615
604,SiteA,BUBO,4,2011,2,5,4,2,1,1.50665993791
605,SiteA,BUBO,5,2011,1,1,1,4,3,1.01245833927
606,SiteA,BUBO,6,2011,0,1,1,1,3,0.409986187948
607,SiteA,BUBO,7,2011,1,1,1,2,0,23.2656297522
608,SiteA,BUBO,8,2011,1,2,3,4,0,3.86688226747
609,SiteA,BUBO,9,2011,0,3,1,1,0,0.807795160213
610,SiteA,BUBO,10,2011,0,0,5,1,1,2.40866542405
611,SiteA,BUBO,11,2011,0,0,2,1,2,2.42807865661
612,SiteA,BUBO,12,2011,0,4,3,2,1,0.558296365635
613,SiteA,BUBO,13,2011,3,2,1,2,0,2.52391377138
614,SiteA,BUBO,14,2011,0,1,0,3,1,3.37482266475
615,SiteA,BUBO,15,2011,0,0,2,5,2,8.91711824131
616,SiteA,BUBO,16,2011,0,2,2,3,1,1.68844169548
617,SiteA,BUBO,17,2011,1,2,1,1,3,2.37872495341
618,SiteA,BUBO,18,2011,1,2,3,3,3,7.37556470426
619,SiteA,BUBO,19,2011,3,3,1,3,2,3.57934604111
620,SiteA,PSRE,0,2011,1,1,0,2,2,21.0215003395
621,SiteA,PSRE,1,2011,1,3,1,2,2,2.57768953923
622,SiteA,PSRE,2,2011,1,4,4,2,1,2.47175463149
623,SiteA,PSRE,3,2011,3,2,1,1,2,4.38547593884
624,SiteA,PSRE,4,2011,4,2,3,3,0,2.54225045486
625,SiteA,PSRE,5,2011,2,3,1,7,5,5.49815299017
626,SiteA,PSRE,6,2011,0,1,7,3,2,2.0989771864
627,SiteA,PSRE,7,2011,3,1,3,3,3,3.41349025578
628,SiteA,PSRE,8,2011,2,1,1,5,3,7.68687702312
629,SiteA,PSRE,9,2011,2,5,1,1,2,1.29944606176
630,SiteA,PSRE,10,2011,2,3,1,2,2,9.44730478644
631,SiteA,PSRE,11,2011,1,2,2,0,0,2.86508993182
632,SiteA,PSRE,12,2011,1,1,4,3,0,0.640996856968
633,SiteA,PSRE,13,2011,1,3,2,3,4,1.09587132309
634,SiteA,PSRE,14,2011,1,1,1,2,2,3.71429186261
635,SiteA,PSRE,15,2011,1,5,3,1,3,1.64490083425
636,SiteA,PSRE,16,2011,1,2,2,1,1,0.823043844965
637,SiteA,PSRE,17,2011,2,0,0,5,4,20.9416755761
638,SiteA,PSRE,18,2011,1,1,2,2,1,0.803810408983
639,SiteA,PSRE,19,2011,3,3,4,3,1,1.3942849451
640,SiteA,RACA,0,2011,1,1,3,1,4,5.43832336055
641,SiteA,RACA,1,2011,4,3,2,1,1,3.16330721388
642,SiteA,RACA,2,2011,7,0,2,1,0,2.49042463251
643,SiteA,RACA,3,2011,1,3,1,2,1,6.7006567329
644,SiteA,RACA,4,2011,2,2,2,3,4,2.49086680037
645,SiteA,RACA,5,2011,0,2,1,4,3,14.7073914082
646,SiteA,RACA,6,2011,5,2,2,4,2,9.59506700298
647,SiteA,RACA,7,2011,4,2,0,3,3,4.3745654502
648,SiteA,RACA,8,2011,2,2,1,3,4,2.56234064459
649,SiteA,RACA,9,2011,3,0,0,1,1,1.25282265039
650,SiteA,RACA,10,2011,3,3,1,2,2,5.78222928139
651,SiteA,RACA,11,2011,5,1,2,1,2,7.75950221521
652,SiteA,RACA,12,2011,4,2,5,2,3,0.572105701398
653,SiteA,RACA,13,2011,2,1,1,2,2,1.17947956982
654,SiteA,RACA,14,2011,2,1,2,3,4,0.876004618791
655,SiteA,RACA,15,2011,0,2,2,2,0,5.51616537351
656,SiteA,RACA,16,2011,3,3,2,1,4,1.93904944794
657,SiteA,RACA,17,2011,3,0,1,3,4,3.73278750278
658,SiteA,RACA,18,2011,2,2,1,1,4,2.83593512973
659,SiteA,RACA,19,2011,1,1,2,4,0,3.82321118992
660,SiteA,TATO,0,2011,3,1,3,3,2,31.0288599638
661,SiteA,TATO,1,2011,0,6,0,4,1,5.0049564867
662,SiteA,TATO,2,2011,1,2,0,2,1,1.86752269861
663,SiteA,TATO,3,2011,1,2,3,2,1,8.89782904242
664,SiteA,TATO,4,2011,1,8,1,2,3,1.64711442591
665,SiteA,TATO,5,2011,1,3,1,0,0,2.91432138609
666,SiteA,TATO,6,2011,0,2,4,2,0,0.375346913371
667,SiteA,TATO,7,2011,1,3,1,0,4,4.49604676693
668,SiteA,TATO,8,2011,0,0,2,1,7,3.81897909795
669,SiteA,TATO,9,2011,2,2,1,0,2,2.60554794473
670,SiteA,TATO,10,2011,3,1,0,0,0,7.55947016132
671,SiteA,TATO,11,2011,2,1,1,2,4,2.44301928121
672,SiteA,TATO,12,2011,1,2,1,2,2,7.33385559295
673,SiteA,TATO,13,2011,1,3,3,3,2,1.60700248097
674,SiteA,TATO,14,2011,2,0,0,2,4,0.925252784643
675,SiteA,TATO,15,2011,3,4,2,3,2,0.872756601698
676,SiteA,TATO,16,2011,0,0,1,2,1,1.04301798016
677,SiteA,TATO,17,2011,2,4,2,4,2,4.76202970256
678,SiteA,TATO,18,2011,0,0,2,2,2,8.04048014385
679,SiteA,TATO,19,2011,0,1,2,4,0,1.4604572031
680,SiteA,TAGR,0,2011,1,2,2,0,1,4.60474500779
681,SiteA,TAGR,1,2011,1,0,0,1,1,1.65364523555
682,SiteA,TAGR,2,2011,1,1,3,0,5,7.64891021152
683,SiteA,TAGR,3,2011,4,1,3,3,3,2.27999622263
684,SiteA,TAGR,4,2011,3,3,2,0,2,0.92128468371
685,SiteA,TAGR,5,2011,1,5,3,1,3,4.62545840502
686,SiteA,TAGR,6,2011,1,1,2,2,1,0.571411561013
687,SiteA,TAGR,7,2011,3,2,0,1,2,8.82046752741
688,SiteA,TAGR,8,2011,3,2,0,3,0,3.40754325695
689,SiteA,TAGR,9,2011,2,0,4,0,2,17.7774836393
690,SiteA,TAGR,10,2011,0,4,0,1,0,9.90988532412
691,SiteA,TAGR,11,2011,1,2,4,0,1,1.83614347671
692,SiteA,TAGR,12,2011,3,1,4,3,1,1.32238064796
693,SiteA,TAGR,13,2011,1,3,3,3,0,3.0653588591
694,SiteA,TAGR,14,2011,1,2,2,1,2,13.9696683366
695,SiteA,TAGR,15,2011,2,0,2,2,2,3.40890384017
696,SiteA,TAGR,16,2011,2,1,3,3,3,4.61805424846
697,SiteA,TAGR,17,2011,3,1,2,2,1,9.72010302722
698,SiteA,TAGR,18,2011,3,2,3,1,1,0.224258134175
699,SiteA,TAGR,19,2011,2,1,3,1,1,1.23789529002
700,SiteB,BUBO,0,2011,4,0,2,1,2,6.62249615124
701,SiteB,BUBO,1,2011,3,2,1,2,1,2.67537686194
702,SiteB,BUBO,2,2011,1,3,1,3,2,2.29402529109
703,SiteB,BUBO,3,2011,2,4,1,2,0,27.4272444736
704,SiteB,BUBO,4,2011,1,1,1,2,2,1.45960696035
705,SiteB,BUBO,5,2011,3,4,2,1,6,11.6022651028
706,SiteB,BUBO,6,2011,5,5,2,4,2,13.119183817
707,SiteB,BUBO,7,2011,0,2,1,3,2,9.03253072626
708,SiteB,BUBO,8,2011,1,2,3,2,2,4.53001896191
709,SiteB,BUBO,9,2011,2,5,2,2,1,1.09587043494
710,SiteB,BUBO,10,2011,3,1,1,2,3,0.80056643931
711,SiteB,BUBO,11,2011,2,1,1,1,1,1.31738460467
712,SiteB,BUBO,12,2011,2,0,0,2,2,5.43293288805
713,SiteB,BUBO,13,2011,2,2,2,2,1,11.5389703095
714,SiteB,BUBO,14,2011,3,1,2,0,1,7.26288716523
715,SiteB,BUBO,15,2011,1,2,4,3,2,1.41571566494
716,SiteB,BUBO,16,2011,2,4,2,2,0,1.38573229145
717,SiteB,BUBO,17,2011,2,1,2,1,1,2.35483671025
718,SiteB,BUBO,18,2011,0,1,3,3,2,13.886506222
719,SiteB,BUBO,19,2011,1,1,1,1,1,2.82741802357
720,SiteB,PSRE,0,2011,2,0,3,0,0,3.81509398828
721,SiteB,PSRE,1,2011,1,2,2,7,3,11.6049751366
722,SiteB,PSRE,2,2011,2,3,3,3,3,0.870950284145
723,SiteB,PSRE,3,2011,1,4,2,0,3,2.42689861959
724,SiteB,PSRE,4,2011,4,0,1,2,1,6.5810045223
725,SiteB,PSRE,5,2011,2,2,1,2,2,0.836212687793
726,SiteB,PSRE,6,2011,2,0,3,1,0,3.43859478403
727,SiteB,PSRE,7,2011,2,2,3,1,0,1.96601261394
728,SiteB,PSRE,8,2011,3,0,3,2,2,6.87171426262
729,SiteB,PSRE,9,2011,2,2,0,1,3,4.07741885199
730,SiteB,PSRE,10,2011,0,2,0,3,1,5.00147243966
731,SiteB,PSRE,11,2011,2,2,4,2,2,0.730922312653
732,SiteB,PSRE,12,2011,0,4,3,1,3,7.08123985706
733,SiteB,PSRE,13,2011,3,1,5,0,5,9.54067765863
734,SiteB,PSRE,14,2011,4,1,0,3,3,0.760220500395
735,SiteB,PSRE,15,2011,1,1,3,3,0,0.864823910794
736,SiteB,PSRE,16,2011,2,5,3,2,1,1.29379050573
737,SiteB,PSRE,17,2011,3,2,4,3,2,1.13277416077
738,SiteB,PSRE,18,2011,3,6,3,1,1,1.30708395807
739,SiteB,PSRE,19,2011,3,0,2,3,3,1.2468449578
740,SiteB,RACA,0,2011,1,5,3,2,2,4.04043383102
741,SiteB,RACA,1,2011,3,2,2,1,2,2.07836654807
742,SiteB,RACA,2,2011,2,2,2,1,1,0.673895030193
743,SiteB,RACA,3,2011,5,1,4,2,2,4.44065012583
744,SiteB,RACA,4,2011,2,4,2,1,0,2.93490051605
745,SiteB,RACA,5,2011,2,3,1,1,1,1.74154480587
746,SiteB,RACA,6,2011,0,1,2,0,1,3.85935138911
747,SiteB,RACA,7,2011,4,1,2,3,3,2.9304885076
748,SiteB,RACA,8,2011,2,2,5,2,2,3.11562997625
749,SiteB,RACA,9,2011,3,2,2,0,5,2.25496461177
750,SiteB,RACA,10,2011,3,1,1,1,3,3.9438236397
751,SiteB,RACA,11,2011,2,2,2,1,0,0.53084559797
752,SiteB,RACA,12,2011,4,5,5,1,1,1.82037063859
753,SiteB,RACA,13,2011,1,3,0,1,2,4.51558662204
754,SiteB,RACA,14,2011,5,3,1,1,2,4.04433920943
755,SiteB,RACA,15,2011,0,1,0,2,2,6.04699577498
756,SiteB,RACA,16,2011,1,1,3,4,4,14.5927102673
757,SiteB,RACA,17,2011,4,2,3,0,2,5.55262523647
758,SiteB,RACA,18,2011,1,2,2,2,2,8.4711191062
759,SiteB,RACA,19,2011,2,1,2,3,1,6.48665424211
760,SiteB,TATO,0,2011,3,0,5,4,3,2.13965994594
761,SiteB,TATO,1,2011,1,3,4,2,2,7.31564467167
762,SiteB,TATO,2,2011,2,3,2,2,2,4.47786392328
763,SiteB,TATO,3,2011,4,3,2,3,2,17.6938445576
764,SiteB,TATO,4,2011,0,0,1,2,5,2.95189315681
765,SiteB,TATO,5,2011,4,1,1,2,3,0.498831360689
766,SiteB,TATO,6,2011,2,1,1,1,1,0.933124440324
767,SiteB,TATO,7,2011,3,0,4,4,1,0.278134284422
768,SiteB,TATO,8,2011,2,2,0,2,1,0.215312575413
769,SiteB,TATO,9,2011,0,2,1,1,6,3.88624896537
770,SiteB,TATO,10,2011,2,0,3,4,3,1.3585008424
771,SiteB,TATO,11,2011,4,0,3,1,4,8.01078945123
772,SiteB,TATO,12,2011,2,1,4,2,2,0.764150707233
773,SiteB,TATO,13,2011,4,0,0,4,4,55.2053817744
774,SiteB,TATO,14,2011,1,0,4,3,5,1.77443203345
775,SiteB,TATO,15,2011,3,0,1,2,2,1.74460078257
776,SiteB,TATO,16,2011,1,2,0,2,4,16.5911453743
777,SiteB,TATO,17,2011,5,1,2,0,1,7.68697278965
778,SiteB,TATO,18,2011,3,1,5,0,0,1.46184040842
779,SiteB,TATO,19,2011,3,1,3,1,1,4.62351218152
780,SiteB,TAGR,0,2011,3,2,2,1,4,13.9040720233
781,SiteB,TAGR,1,2011,2,1,2,0,5,22.949107863
782,SiteB,TAGR,2,2011,1,0,5,0,1,1.37021406044
783,SiteB,TAGR,3,2011,3,3,1,2,4,2.68318001738
784,SiteB,TAGR,4,2011,4,1,2,3,3,1.73761699586
785,SiteB,TAGR,5,2011,4,2,0,3,1,1.95911942155
786,SiteB,TAGR,6,2011,2,0,2,4,2,5.36740268011
787,SiteB,TAGR,7,2011,3,3,3,2,0,8.18709536491
788,SiteB,TAGR,8,2011,0,1,5,6,1,0.702172588094
789,SiteB,TAGR,9,2011,4,4,1,4,1,1.52516854025
790,SiteB,TAGR,10,2011,3,0,1,0,2,2.85796745795
791,SiteB,TAGR,11,2011,1,2,3,1,0,4.3540651613
792,SiteB,TAGR,12,2011,2,2,0,1,2,7.67464780689
793,SiteB,TAGR,13,2011,4,3,0,0,0,4.15120004249
794,SiteB,TAGR,14,2011,1,5,2,1,5,2.60973402245
795,SiteB,TAGR,15,2011,0,2,0,2,0,1.08638933613
796,SiteB,TAGR,16,2011,1,1,4,2,2,1.3350309259
797,SiteB,TAGR,17,2011,3,4,3,4,1,2.27525133883
798,SiteB,TAGR,18,2011,3,4,3,3,1,3.95188457425
799,SiteB,TAGR,19,2011,1,1,2,5,1,0.765960689875
800,SiteC,BUBO,0,2011,1,2,1,2,2,4.73212510813
801,SiteC,BUBO,1,2011,3,2,3,1,7,0.452755953814
802,SiteC,BUBO,2,2011,0,4,2,2,1,7.27303656938
803,SiteC,BUBO,3,2011,2,4,0,4,2,4.8975322501
804,SiteC,BUBO,4,2011,1,2,0,2,5,1.50493171002
805,SiteC,BUBO,5,2011,2,3,1,3,1,0.697736542347
806,SiteC,BUBO,6,2011,1,1,3,1,1,0.998443063786
807,SiteC,BUBO,7,2011,2,3,3,3,0,1.22214033515
808,SiteC,BUBO,8,2011,0,1,1,1,2,5.72628390292
809,SiteC,BUBO,9,2011,3,4,5,1,3,2.5505913129
810,SiteC,BUBO,10,2011,2,3,3,1,1,63.7157417825
811,SiteC,BUBO,11,2011,4,2,1,1,0,3.06294146148
812,SiteC,BUBO,12,2011,3,3,0,2,1,4.76802041691
813,SiteC,BUBO,13,2011,0,2,0,1,4,6.89750208121
814,SiteC,BUBO,14,2011,0,0,4,1,1,1.13415982214
815,SiteC,BUBO,15,2011,2,1,4,4,2,1.49804761919
816,SiteC,BUBO,16,2011,4,5,1,2,2,18.0301140512
817,SiteC,BUBO,17,2011,1,1,1,2,3,0.515138343287
818,SiteC,BUBO,18,2011,3,2,2,0,2,0.955394447942
819,SiteC,BUBO,19,2011,2,1,2,0,1,3.85555082859
820,SiteC,PSRE,0,2011,0,2,1,1,4,6.30916607732
821,SiteC,PSRE,1,2011,3,2,2,4,2,2.4507237933
822,SiteC,PSRE,2,2011,3,4,5,2,5,4.5837706603
823,SiteC,PSRE,3,2011,3,1,2,0,0,2.19955259408
824,SiteC,PSRE,4,2011,3,1,1,1,1,1.70297630614
825,SiteC,PSRE,5,2011,0,3,4,0,0,3.80697646325
826,SiteC,PSRE,6,2011,2,3,2,2,1,1.77042806621
827,SiteC,PSRE,7,2011,3,3,4,2,2,9.22620690226
828,SiteC,PSRE,8,2011,1,2,2,1,1,2.2267873568
829,SiteC,PSRE,9,2011,4,2,4,2,4,1.41786900542
830,SiteC,PSRE,10,2011,1,3,2,2,2,6.60465627815
831,SiteC,PSRE,11,2011,2,1,2,2,1,3.01473775707
832,SiteC,PSRE,12,2011,5,2,2,0,1,2.95161681941
833,SiteC,PSRE,13,2011,1,2,3,2,2,5.59154555885
834,SiteC,PSRE,14,2011,0,1,2,4,0,2.30708118331
835,SiteC,PSRE,15,2011,2,4,2,3,3,1.15279729138
836,SiteC,PSRE,16,2011,1,1,3,1,5,2.36815912446
837,SiteC,PSRE,17,2011,3,1,4,2,1,8.77234897372
838,SiteC,PSRE,18,2011,2,1,2,2,0,1.66028627104
839,SiteC,PSRE,19,2011,2,1,0,2,2,5.15727620375
840,SiteC,RACA,0,2011,3,4,3,1,1,3.2075968198
841,SiteC,RACA,1,2011,2,2,3,2,2,4.46691300065
842,SiteC,RACA,2,2011,2,6,2,2,2,6.31666692312
843,SiteC,RACA,3,2011,3,4,3,4,2,0.895176842365
844,SiteC,RACA,4,2011,0,1,4,4,0,2.91009521418
845,SiteC,RACA,5,2011,0,3,4,3,0,4.08184746493
846,SiteC,RACA,6,2011,2,2,3,1,2,0.81230666677
847,SiteC,RACA,7,2011,2,2,3,2,4,1.05254600619
848,SiteC,RACA,8,2011,3,4,4,2,3,4.45610193172
849,SiteC,RACA,9,2011,1,1,1,4,0,0.622243117492
850,SiteC,RACA,10,2011,3,0,2,3,1,0.491214472452
851,SiteC,RACA,11,2011,2,0,1,2,1,2.79027588398
852,SiteC,RACA,12,2011,2,2,0,0,2,0.440250226443
853,SiteC,RACA,13,2011,1,3,2,2,1,2.73570476556
854,SiteC,RACA,14,2011,0,3,1,1,3,7.55471884576
855,SiteC,RACA,15,2011,0,2,1,3,1,2.68021881655
856,SiteC,RACA,16,2011,2,2,2,1,1,7.13852416804
857,SiteC,RACA,17,2011,5,5,1,0,0,4.58329786979
858,SiteC,RACA,18,2011,0,2,2,2,3,4.1490594039
859,SiteC,RACA,19,2011,4,2,2,5,1,1.98614188692
860,SiteC,TATO,0,2011,0,1,2,3,1,12.7990371031
861,SiteC,TATO,1,2011,5,3,3,2,2,0.435518268094
862,SiteC,TATO,2,2011,4,2,3,2,1,0.584615644934
863,SiteC,TATO,3,2011,2,3,2,1,0,3.23698166231
864,SiteC,TATO,4,2011,3,5,1,1,2,2.83032326268
865,SiteC,TATO,5,2011,2,1,2,1,4,26.2691184569
866,SiteC,TATO,6,2011,1,1,1,0,1,2.57588028742
867,SiteC,TATO,7,2011,4,3,3,0,3,4.33625635114
868,SiteC,TATO,8,2011,1,2,1,2,3,2.95145666997
869,SiteC,TATO,9,2011,1,2,2,4,2,3.52940540873
870,SiteC,TATO,10,2011,2,1,3,3,3,13.8123620915
871,SiteC,TATO,11,2011,3,0,2,1,4,2.53583039146
872,SiteC,TATO,12,2011,3,2,2,2,3,2.03828378838
873,SiteC,TATO,13,2011,1,1,3,2,0,6.75133939596
874,SiteC,TATO,14,2011,0,5,2,0,2,1.77913802404
875,SiteC,TATO,15,2011,3,3,2,3,2,1.68004405292
876,SiteC,TATO,16,2011,3,3,3,3,1,1.26387096231
877,SiteC,TATO,17,2011,1,2,2,0,1,0.727731076899
878,SiteC,TATO,18,2011,3,2,3,4,1,15.3097358669
879,SiteC,TATO,19,2011,3,3,1,2,2,20.1106403118
880,SiteC,TAGR,0,2011,3,1,1,4,6,10.3697031928
881,SiteC,TAGR,1,2011,0,0,0,3,0,0.392176320569
882,SiteC,TAGR,2,2011,1,4,0,2,0,6.07744339065
883,SiteC,TAGR,3,2011,4,2,3,3,2,0.283741882446
884,SiteC,TAGR,4,2011,5,1,2,2,0,4.3232552419
885,SiteC,TAGR,5,2011,2,1,1,1,1,0.503438998716
886,SiteC,TAGR,6,2011,0,0,2,3,0,4.03639220244
887,SiteC,TAGR,7,2011,0,0,2,2,2,2.68839539912
888,SiteC,TAGR,8,2011,4,2,2,1,3,1.7280813135
889,SiteC,TAGR,9,2011,5,1,2,1,3,0.45347020122
890,SiteC,TAGR,10,2011,2,1,2,3,0,0.83395381182
891,SiteC,TAGR,11,2011,3,5,3,2,2,1.99643643383
892,SiteC,TAGR,12,2011,1,4,1,2,0,2.26208155961
893,SiteC,TAGR,13,2011,1,3,1,2,2,0.933933182341
894,SiteC,TAGR,14,2011,4,3,1,2,1,3.17220879895
895,SiteC,TAGR,15,2011,2,6,2,3,3,3.98535279965
896,SiteC,TAGR,16,2011,2,2,2,1,0,4.63144038622
897,SiteC,TAGR,17,2011,0,1,3,1,1,25.801964451
898,SiteC,TAGR,18,2011,2,2,0,6,1,0.807878227195
899,SiteC,TAGR,19,2011,1,5,1,3,1,3.18017690773
900,SiteA,BUBO,0,2012,1,2,2,1,1,1.6197603808
901,SiteA,BUBO,1,2012,1,2,1,1,2,1.13595147166
902,SiteA,BUBO,2,2012,4,1,3,1,5,2.1276782796
903,SiteA,BUBO,3,2012,2,0,0,6,1,1.07057975038
904,SiteA,BUBO,4,2012,3,3,1,2,2,0.740060438607
905,SiteA,BUBO,5,2012,3,1,2,1,4,7.74318692878
906,SiteA,BUBO,6,2012,5,7,0,0,2,1.4700495348
907,SiteA,BUBO,7,2012,2,2,2,2,6,0.553218786912
908,SiteA,BUBO,8,2012,1,2,1,1,2,1.87396496469
909,SiteA,BUBO,9,2012,0,0,5,3,5,4.64009550724
910,SiteA,BUBO,10,2012,2,5,3,1,3,0.318187244668
911,SiteA,BUBO,11,2012,3,4,2,0,3,3.04306685531
912,SiteA,BUBO,12,2012,2,0,2,2,3,1.28170006166
913,SiteA,BUBO,13,2012,1,3,1,2,2,4.36340917375
914,SiteA,BUBO,14,2012,7,1,6,3,2,1.34745734273
915,SiteA,BUBO,15,2012,3,0,1,0,1,37.6903768524
916,SiteA,BUBO,16,2012,3,3,4,2,0,4.63515345948
917,SiteA,BUBO,17,2012,2,3,1,4,2,2.16821744928
918,SiteA,BUBO,18,2012,4,1,2,1,6,13.1164338847
919,SiteA,BUBO,19,2012,1,2,0,0,2,3.54679948768
920,SiteA,PSRE,0,2012,4,2,2,1,0,6.82572893422
921,SiteA,PSRE,1,2012,2,3,8,2,1,1.2458792969
922,SiteA,PSRE,2,2012,1,0,1,0,1,5.36440274043
923,SiteA,PSRE,3,2012,2,2,3,2,7,0.257865125405
924,SiteA,PSRE,4,2012,2,3,3,3,0,3.60599202618
925,SiteA,PSRE,5,2012,5,3,2,1,0,7.7218113679
926,SiteA,PSRE,6,2012,0,5,2,3,2,4.42212144552
927,SiteA,PSRE,7,2012,1,1,3,4,0,1.90449467955
928,SiteA,PSRE,8,2012,4,4,1,3,2,1.32952338726
929,SiteA,PSRE,9,2012,2,2,3,0,3,1.26557399958
930,SiteA,PSRE,10,2012,2,2,3,1,2,1.90391323825
931,SiteA,PSRE,11,2012,2,2,3,1,1,3.49864635917
932,SiteA,PSRE,12,2012,1,1,3,2,1,1.13355330095
933,SiteA,PSRE,13,2012,3,4,2,3,1,0.915826849081
934,SiteA,PSRE,14,2012,0,2,2,1,1,3.44869624275
935,SiteA,PSRE,15,2012,2,0,3,0,2,3.00765951665
936,SiteA,PSRE,16,2012,2,2,2,2,0,1.81440630186
937,SiteA,PSRE,17,2012,2,1,2,2,1,1.02288212952
938,SiteA,PSRE,18,2012,5,3,5,1,3,1.76461363715
939,SiteA,PSRE,19,2012,3,4,0,2,3,1.76436161368
940,SiteA,RACA,0,2012,0,2,3,1,1,9.67532606261
941,SiteA,RACA,1,2012,2,5,3,1,4,10.5466928322
942,SiteA,RACA,2,2012,3,0,1,2,1,0.709255808965
943,SiteA,RACA,3,2012,1,3,2,1,1,9.0049632554
944,SiteA,RACA,4,2012,2,2,2,3,1,2.43754987312
945,SiteA,RACA,5,2012,1,2,2,1,0,3.08659246549
946,SiteA,RACA,6,2012,3,2,5,5,6,0.456098667489
947,SiteA,RACA,7,2012,2,1,1,1,2,3.19197873328
948,SiteA,RACA,8,2012,6,5,0,2,1,1.04653256025
949,SiteA,RACA,9,2012,0,1,3,2,2,1.00488180477
950,SiteA,RACA,10,2012,2,4,1,5,0,1.84588178352
951,SiteA,RACA,11,2012,5,1,2,1,1,9.44839525062
952,SiteA,RACA,12,2012,1,4,3,1,0,40.7412782303
953,SiteA,RACA,13,2012,5,1,2,2,3,8.36789694878
954,SiteA,RACA,14,2012,0,2,4,2,3,5.33529922523
955,SiteA,RACA,15,2012,2,2,3,3,3,1.56799185476
956,SiteA,RACA,16,2012,3,4,2,2,4,0.83286306985
957,SiteA,RACA,17,2012,1,4,2,2,3,5.79113453703
958,SiteA,RACA,18,2012,2,5,2,6,1,1.65336377149
959,SiteA,RACA,19,2012,2,3,1,3,5,1.14330035812
960,SiteA,TATO,0,2012,1,2,4,1,1,5.52143186622
961,SiteA,TATO,1,2012,2,0,0,1,3,40.6606976816
962,SiteA,TATO,2,2012,1,2,0,1,0,20.2502565072
963,SiteA,TATO,3,2012,1,3,1,3,3,2.48356582086
964,SiteA,TATO,4,2012,1,2,0,1,3,1.66863974685
965,SiteA,TATO,5,2012,2,2,2,1,1,2.28485678486
966,SiteA,TATO,6,2012,1,3,4,0,2,2.61446072372
967,SiteA,TATO,7,2012,3,3,1,3,1,4.59449975815
968,SiteA,TATO,8,2012,2,0,1,3,1,3.86667717834
969,SiteA,TATO,9,2012,1,4,2,2,2,2.56222144882
970,SiteA,TATO,10,2012,4,1,1,2,2,0.877564613002
971,SiteA,TATO,11,2012,3,3,2,2,2,5.0753021038
972,SiteA,TATO,12,2012,1,4,1,2,2,3.18937438651
973,SiteA,TATO,13,2012,2,2,2,3,1,4.62236674627
974,SiteA,TATO,14,2012,4,2,4,1,5,1.03382187001
975,SiteA,TATO,15,2012,2,3,2,3,0,5.08033171396
976,SiteA,TATO,16,2012,1,3,4,1,1,2.43163276336
977,SiteA,TATO,17,2012,1,1,1,4,1,3.20144647326
978,SiteA,TATO,18,2012,2,0,0,1,1,3.98225140829
979,SiteA,TATO,19,2012,7,3,2,4,3,3.28428778697
980,SiteA,TAGR,0,2012,3,3,3,4,1,1.86797349197
981,SiteA,TAGR,1,2012,3,4,1,1,2,3.06206984884
982,SiteA,TAGR,2,2012,1,1,1,2,3,1.04274744491
983,SiteA,TAGR,3,2012,2,4,1,3,2,1.72797141889
984,SiteA,TAGR,4,2012,1,3,2,0,1,6.8137131367
985,SiteA,TAGR,5,2012,1,2,0,4,4,1.52260577458
986,SiteA,TAGR,6,2012,4,2,4,1,5,1.99702220568
987,SiteA,TAGR,7,2012,4,1,1,3,3,0.792199464361
988,SiteA,TAGR,8,2012,2,4,1,2,2,5.05803550046
989,SiteA,TAGR,9,2012,3,1,1,1,2,2.62989595586
990,SiteA,TAGR,10,2012,1,3,1,1,1,5.15677598815
991,SiteA,TAGR,11,2012,0,1,6,5,1,1.99271944211
992,SiteA,TAGR,12,2012,3,1,2,2,2,1.09720822446
993,SiteA,TAGR,13,2012,0,2,2,3,2,5.36012934431
994,SiteA,TAGR,14,2012,1,2,4,3,2,9.29615977099
995,SiteA,TAGR,15,2012,1,1,1,0,3,14.8924156754
996,SiteA,TAGR,16,2012,1,3,2,1,1,1.63860761549
997,SiteA,TAGR,17,2012,1,3,1,3,5,5.28454183627
998,SiteA,TAGR,18,2012,0,2,3,2,1,6.47295273439
999,SiteA,TAGR,19,2012,5,1,1,4,2,2.5774174859
1000,SiteB,BUBO,0,2012,4,4,1,2,0,15.2394235519
1001,SiteB,BUBO,1,2012,2,2,5,2,1,1.40229870796
1002,SiteB,BUBO,2,2012,2,0,0,2,1,9.21025071296
1003,SiteB,BUBO,3,2012,0,1,1,4,2,2.08354690062
1004,SiteB,BUBO,4,2012,4,2,1,2,2,7.36413268152
1005,SiteB,BUBO,5,2012,6,4,3,7,3,4.77632633185
1006,SiteB,BUBO,6,2012,1,3,3,2,3,4.67171648835
1007,SiteB,BUBO,7,2012,2,1,1,1,3,6.6355471031
1008,SiteB,BUBO,8,2012,1,4,1,1,2,1.41670741505
1009,SiteB,BUBO,9,2012,2,3,1,1,4,6.17739968666
1010,SiteB,BUBO,10,2012,3,4,4,2,2,4.96721843169
1011,SiteB,BUBO,11,2012,3,5,1,3,2,0.986749314626
1012,SiteB,BUBO,12,2012,1,3,5,3,2,3.61416795449
1013,SiteB,BUBO,13,2012,2,2,1,0,4,1.2207703498
1014,SiteB,BUBO,14,2012,0,5,0,1,1,0.704694833271
1015,SiteB,BUBO,15,2012,2,0,3,3,1,3.04189036927
1016,SiteB,BUBO,16,2012,4,6,0,3,0,1.20516151948
1017,SiteB,BUBO,17,2012,3,1,3,2,1,4.1599254379
1018,SiteB,BUBO,18,2012,0,1,4,2,0,1.91288523384
1019,SiteB,BUBO,19,2012,3,0,3,5,3,1.69213731866
1020,SiteB,PSRE,0,2012,3,2,2,2,0,0.436345722461
1021,SiteB,PSRE,1,2012,2,2,1,1,4,4.64986813922
1022,SiteB,PSRE,2,2012,1,3,2,5,2,2.24634124284
1023,SiteB,PSRE,3,2012,2,1,2,4,4,4.52171492188
1024,SiteB,PSRE,4,2012,0,7,3,2,5,4.66566670934
1025,SiteB,PSRE,5,2012,5,1,3,2,1,17.0487556068
1026,SiteB,PSRE,6,2012,5,0,3,2,1,1.34923569526
1027,SiteB,PSRE,7,2012,0,0,2,2,3,13.724719017
1028,SiteB,PSRE,8,2012,0,2,0,4,0,0.833895063209
1029,SiteB,PSRE,9,2012,0,2,0,3,2,2.81477922036
1030,SiteB,PSRE,10,2012,0,0,2,1,1,2.72225946767
1031,SiteB,PSRE,11,2012,1,2,3,4,1,0.809386818159
1032,SiteB,PSRE,12,2012,0,0,1,1,1,1.9150239835
1033,SiteB,PSRE,13,2012,3,2,1,1,1,11.0255121191
1034,SiteB,PSRE,14,2012,5,2,1,2,5,0.649783740844
1035,SiteB,PSRE,15,2012,3,1,1,3,0,1.29767313998
1036,SiteB,PSRE,16,2012,2,0,2,0,2,2.49938054295
1037,SiteB,PSRE,17,2012,3,4,0,3,2,6.93732205314
1038,SiteB,PSRE,18,2012,0,0,2,0,1,2.67438216695
1039,SiteB,PSRE,19,2012,4,0,1,1,0,23.8046811244
1040,SiteB,RACA,0,2012,3,2,4,0,3,2.19552276211
1041,SiteB,RACA,1,2012,1,1,4,2,2,0.926729007253
1042,SiteB,RACA,2,2012,2,3,3,6,1,3.20099546874
1043,SiteB,RACA,3,2012,1,2,1,2,1,1.86129214474
1044,SiteB,RACA,4,2012,0,2,3,0,4,9.78849577269
1045,SiteB,RACA,5,2012,1,4,0,1,1,3.61099003609
1046,SiteB,RACA,6,2012,3,3,5,3,4,1.34389004226
1047,SiteB,RACA,7,2012,0,4,3,1,3,1.4671475586
1048,SiteB,RACA,8,2012,1,2,3,1,2,4.74969858198
1049,SiteB,RACA,9,2012,2,4,4,0,1,1.6930804302
1050,SiteB,RACA,10,2012,1,1,1,1,1,1.81161831501
1051,SiteB,RACA,11,2012,4,1,1,4,2,4.42595865155
1052,SiteB,RACA,12,2012,1,1,0,1,2,0.985355259478
1053,SiteB,RACA,13,2012,4,5,2,2,2,1.18664483467
1054,SiteB,RACA,14,2012,1,2,0,4,3,12.4597942055
1055,SiteB,RACA,15,2012,2,0,3,4,1,1.38808796735
1056,SiteB,RACA,16,2012,3,2,2,2,0,3.09460564951
1057,SiteB,RACA,17,2012,3,4,1,4,1,12.2568455534
1058,SiteB,RACA,18,2012,1,5,0,3,0,2.61757735696
1059,SiteB,RACA,19,2012,1,0,1,1,2,4.95063117996
1060,SiteB,TATO,0,2012,0,2,1,1,1,2.71021430052
1061,SiteB,TATO,1,2012,1,2,3,0,1,8.05022669428
1062,SiteB,TATO,2,2012,2,6,0,2,2,1.65127476044
1063,SiteB,TATO,3,2012,3,1,0,2,2,1.73588862682
1064,SiteB,TATO,4,2012,4,1,3,2,5,18.3486900447
1065,SiteB,TATO,5,2012,3,4,6,5,2,1.06377533258
1066,SiteB,TATO,6,2012,1,1,2,4,1,8.6676540016
1067,SiteB,TATO,7,2012,4,1,3,3,1,3.57042966591
1068,SiteB,TATO,8,2012,2,3,0,2,0,4.22775408268
1069,SiteB,TATO,9,2012,3,2,7,1,2,3.5983320672
1070,SiteB,TATO,10,2012,1,1,4,2,1,2.08146534999
1071,SiteB,TATO,11,2012,0,1,3,1,0,2.34028686578
1072,SiteB,TATO,12,2012,0,1,2,3,1,48.4751698654
1073,SiteB,TATO,13,2012,3,1,1,3,4,1.35868804237
1074,SiteB,TATO,14,2012,2,1,1,2,0,1.88133299186
1075,SiteB,TATO,15,2012,4,3,1,0,1,4.67751599188
1076,SiteB,TATO,16,2012,5,2,4,5,0,5.50843580522
1077,SiteB,TATO,17,2012,1,5,1,6,2,4.15559721842
1078,SiteB,TATO,18,2012,1,2,1,0,2,0.622457248543
1079,SiteB,TATO,19,2012,0,1,3,3,1,1.84391833066
1080,SiteB,TAGR,0,2012,2,1,2,5,3,1.89062058346
1081,SiteB,TAGR,1,2012,1,2,1,2,3,2.11940168874
1082,SiteB,TAGR,2,2012,0,2,0,2,1,2.84915227843
1083,SiteB,TAGR,3,2012,1,5,2,4,1,0.640532552885
1084,SiteB,TAGR,4,2012,1,1,2,2,0,0.787037451004
1085,SiteB,TAGR,5,2012,2,1,1,2,1,1.28777020868
1086,SiteB,TAGR,6,2012,1,3,3,0,3,3.06624277304
1087,SiteB,TAGR,7,2012,4,2,4,1,0,0.983738208299
1088,SiteB,TAGR,8,2012,2,2,2,2,1,1.51276132787
1089,SiteB,TAGR,9,2012,4,1,1,1,3,3.81092839642
1090,SiteB,TAGR,10,2012,2,2,2,1,2,4.69767507521
1091,SiteB,TAGR,11,2012,2,3,4,2,2,2.98241831047
1092,SiteB,TAGR,12,2012,1,1,2,4,4,3.66559012366
1093,SiteB,TAGR,13,2012,5,3,1,4,1,1.48731942998
1094,SiteB,TAGR,14,2012,2,1,3,1,1,7.20705734695
1095,SiteB,TAGR,15,2012,2,1,0,3,2,7.46577541921
1096,SiteB,TAGR,16,2012,1,1,3,3,0,3.29195465462
1097,SiteB,TAGR,17,2012,4,0,0,0,2,4.26693378353
1098,SiteB,TAGR,18,2012,0,2,3,2,6,2.12084748538
1099,SiteB,TAGR,19,2012,6,0,2,3,3,2.47051107676
1100,SiteC,BUBO,0,2012,2,1,2,3,1,0.712272632264
1101,SiteC,BUBO,1,2012,1,5,5,2,3,6.84876645002
1102,SiteC,BUBO,2,2012,3,1,2,1,2,2.20542127464
1103,SiteC,BUBO,3,2012,1,3,0,1,1,5.06695083234
1104,SiteC,BUBO,4,2012,2,3,2,2,4,3.09386313501
1105,SiteC,BUBO,5,2012,2,2,3,3,0,22.1517349164
1106,SiteC,BUBO,6,2012,2,1,0,2,0,1.87010877316
1107,SiteC,BUBO,7,2012,1,1,1,0,5,1.22843910139
1108,SiteC,BUBO,8,2012,3,0,2,2,3,2.63218407257
1109,SiteC,BUBO,9,2012,5,3,6,3,2,3.62320664213
1110,SiteC,BUBO,10,2012,2,2,0,2,3,3.70242480368
1111,SiteC,BUBO,11,2012,1,1,1,3,1,0.390970533368
1112,SiteC,BUBO,12,2012,1,2,2,1,2,1.81361450366
1113,SiteC,BUBO,13,2012,3,5,4,3,2,5.00355358632
1114,SiteC,BUBO,14,2012,3,5,1,0,0,8.82906289834
1115,SiteC,BUBO,15,2012,1,2,3,2,2,16.1320405501
1116,SiteC,BUBO,16,2012,2,4,0,2,0,7.20314252829
1117,SiteC,BUBO,17,2012,1,5,3,1,2,2.43984277721
1118,SiteC,BUBO,18,2012,4,3,1,2,0,0.375457858164
1119,SiteC,BUBO,19,2012,2,0,3,1,4,5.54846334533
1120,SiteC,PSRE,0,2012,2,0,2,1,1,13.9059758443
1121,SiteC,PSRE,1,2012,1,1,2,1,3,1.73431080747
1122,SiteC,PSRE,2,2012,2,4,2,2,2,1.61254672451
1123,SiteC,PSRE,3,2012,1,2,2,5,2,1.40595201005
1124,SiteC,PSRE,4,2012,4,2,2,1,0,1.51396578911
1125,SiteC,PSRE,5,2012,6,0,2,1,1,3.16712505417
1126,SiteC,PSRE,6,2012,1,1,1,5,5,0.768747136318
1127,SiteC,PSRE,7,2012,1,2,0,4,2,1.67744768078
1128,SiteC,PSRE,8,2012,2,6,0,0,1,32.3461570776
1129,SiteC,PSRE,9,2012,4,1,3,2,1,4.92180762476
1130,SiteC,PSRE,10,2012,5,0,3,3,1,3.95326523859
1131,SiteC,PSRE,11,2012,2,1,4,2,2,2.73034163575
1132,SiteC,PSRE,12,2012,0,3,0,2,2,2.85532605752
1133,SiteC,PSRE,13,2012,3,4,2,2,2,3.13722575237
1134,SiteC,PSRE,14,2012,1,1,3,1,2,1.43754863726
1135,SiteC,PSRE,15,2012,0,1,3,1,2,0.496020004787
1136,SiteC,PSRE,16,2012,3,1,1,5,4,7.15573959864
1137,SiteC,PSRE,17,2012,1,5,3,2,4,1.36005530032
1138,SiteC,PSRE,18,2012,2,1,0,1,3,1.30221641511
1139,SiteC,PSRE,19,2012,1,1,2,1,4,7.47422486185
1140,SiteC,RACA,0,2012,1,3,2,2,2,2.82568618252
1141,SiteC,RACA,1,2012,2,3,1,1,0,2.25319818049
1142,SiteC,RACA,2,2012,0,0,1,1,3,0.680891392738
1143,SiteC,RACA,3,2012,3,3,2,0,2,0.533756435201
1144,SiteC,RACA,4,2012,2,1,3,2,3,0.92517317028
1145,SiteC,RACA,5,2012,1,1,2,0,1,1.9863719796
1146,SiteC,RACA,6,2012,5,1,2,2,5,9.29495654024
1147,SiteC,RACA,7,2012,0,3,1,2,3,0.745540259029
1148,SiteC,RACA,8,2012,4,5,2,1,1,5.97071786237
1149,SiteC,RACA,9,2012,5,1,0,0,4,15.0269903881
1150,SiteC,RACA,10,2012,2,3,2,2,3,5.10253682078
1151,SiteC,RACA,11,2012,0,0,1,4,2,7.57756710696
1152,SiteC,RACA,12,2012,1,0,2,5,5,0.396409111245
1153,SiteC,RACA,13,2012,0,1,3,2,5,12.8133226275
1154,SiteC,RACA,14,2012,1,3,1,2,5,2.15603886805
1155,SiteC,RACA,15,2012,2,0,2,3,1,8.20706009523
1156,SiteC,RACA,16,2012,0,2,1,4,1,2.606249068
1157,SiteC,RACA,17,2012,5,1,4,4,0,5.35304377199
1158,SiteC,RACA,18,2012,1,1,1,0,3,1.41106893719
1159,SiteC,RACA,19,2012,0,1,2,2,4,9.06703430737
1160,SiteC,TATO,0,2012,0,1,1,4,2,6.7315178784
1161,SiteC,TATO,1,2012,2,1,0,0,1,5.13225925993
1162,SiteC,TATO,2,2012,2,2,2,2,1,2.49741666008
1163,SiteC,TATO,3,2012,2,2,0,0,3,2.30083316897
1164,SiteC,TATO,4,2012,2,1,4,3,0,21.4769619621
1165,SiteC,TATO,5,2012,1,2,1,3,2,1.25533884698
1166,SiteC,TATO,6,2012,1,3,2,1,2,0.781993063864
1167,SiteC,TATO,7,2012,2,3,2,2,4,3.10154277959
1168,SiteC,TATO,8,2012,2,5,5,3,1,6.67817283506
1169,SiteC,TATO,9,2012,3,2,2,0,1,3.33111109881
1170,SiteC,TATO,10,2012,2,0,3,1,2,1.44798150802
1171,SiteC,TATO,11,2012,1,1,2,4,5,0.664266325273
1172,SiteC,TATO,12,2012,1,1,1,1,2,8.0416780182
1173,SiteC,TATO,13,2012,3,3,2,1,1,3.72300634663
1174,SiteC,TATO,14,2012,1,4,3,3,3,9.80575589681
1175,SiteC,TATO,15,2012,4,0,4,1,1,3.32713724632
1176,SiteC,TATO,16,2012,4,1,1,2,2,5.23221253929
1177,SiteC,TATO,17,2012,4,2,2,5,0,16.3864808115
1178,SiteC,TATO,18,2012,1,2,3,5,1,4.17974474462
1179,SiteC,TATO,19,2012,0,3,1,3,2,2.06433854417
1180,SiteC,TAGR,0,2012,2,1,1,2,4,1.68638327062
1181,SiteC,TAGR,1,2012,2,1,3,3,0,5.79814522587
1182,SiteC,TAGR,2,2012,3,2,3,2,1,3.88042880267
1183,SiteC,TAGR,3,2012,2,4,4,1,0,3.97479083707
1184,SiteC,TAGR,4,2012,4,1,2,0,0,8.39130122768
1185,SiteC,TAGR,5,2012,3,3,1,2,5,1.58364912955
1186,SiteC,TAGR,6,2012,2,2,1,1,0,3.03832922779
1187,SiteC,TAGR,7,2012,2,3,1,1,1,2.98439025498
1188,SiteC,TAGR,8,2012,1,3,2,3,0,1.09889921865
1189,SiteC,TAGR,9,2012,2,0,1,1,3,11.1361009696
1190,SiteC,TAGR,10,2012,1,3,2,1,5,2.24397695371
1191,SiteC,TAGR,11,2012,1,4,3,3,7,5.19791809154
1192,SiteC,TAGR,12,2012,2,1,1,0,1,4.09757443063
1193,SiteC,TAGR,13,2012,2,2,4,2,1,1.25289803078
1194,SiteC,TAGR,14,2012,3,5,3,1,1,3.32554646386
1195,SiteC,TAGR,15,2012,1,0,2,2,3,0.312807813769
1196,SiteC,TAGR,16,2012,1,0,1,0,4,3.89767612738
1197,SiteC,TAGR,17,2012,0,1,4,3,0,3.29356610891
1198,SiteC,TAGR,18,2012,1,1,2,0,1,4.1994799666
1199,SiteC,TAGR,19,2012,1,2,2,0,3,0.473743588394
1200,SiteA,BUBO,0,2013,2,3,2,0,3,0.710901276783
1201,SiteA,BUBO,1,2013,3,3,6,2,4,0.95257484768
1202,SiteA,BUBO,2,2013,3,3,0,1,2,6.80681288011
1203,SiteA,BUBO,3,2013,3,2,2,1,1,7.72707691776
1204,SiteA,BUBO,4,2013,1,1,1,0,0,3.57317573003
1205,SiteA,BUBO,5,2013,1,3,2,2,4,1.91042385959
1206,SiteA,BUBO,6,2013,3,5,3,1,0,0.578258156564
1207,SiteA,BUBO,7,2013,1,3,0,4,4,1.10916733329
1208,SiteA,BUBO,8,2013,3,4,1,0,2,1.06574387372
1209,SiteA,BUBO,9,2013,2,2,2,4,1,1.33642769625
1210,SiteA,BUBO,10,2013,2,2,3,1,2,3.95170371487
1211,SiteA,BUBO,11,2013,5,1,0,2,4,6.60440343896
1212,SiteA,BUBO,12,2013,2,0,1,6,1,6.35390320281
1213,SiteA,BUBO,13,2013,1,1,1,1,0,3.29099147531
1214,SiteA,BUBO,14,2013,2,2,0,0,1,3.31638347613
1215,SiteA,BUBO,15,2013,1,0,4,2,3,5.11375773696
1216,SiteA,BUBO,16,2013,4,3,6,1,0,3.65868085868
1217,SiteA,BUBO,17,2013,0,3,3,2,1,5.48905167031
1218,SiteA,BUBO,18,2013,1,4,5,1,2,0.814786270485
1219,SiteA,BUBO,19,2013,1,1,3,3,0,2.05656865511
1220,SiteA,PSRE,0,2013,2,3,3,1,3,4.78568956464
1221,SiteA,PSRE,1,2013,3,2,0,3,0,3.88766000806
1222,SiteA,PSRE,2,2013,4,2,1,3,3,6.90647224545
1223,SiteA,PSRE,3,2013,2,1,1,2,1,7.36085977095
1224,SiteA,PSRE,4,2013,5,2,1,2,4,1.3023014716
1225,SiteA,PSRE,5,2013,0,3,3,4,1,1.33980969816
1226,SiteA,PSRE,6,2013,0,2,5,5,5,5.72427973465
1227,SiteA,PSRE,7,2013,3,2,1,1,5,2.60986062721
1228,SiteA,PSRE,8,2013,0,3,1,3,3,10.7958427931
1229,SiteA,PSRE,9,2013,2,2,3,1,0,1.11043324777
1230,SiteA,PSRE,10,2013,3,1,0,1,4,3.60553605331
1231,SiteA,PSRE,11,2013,4,0,1,3,0,2.96398947025
1232,SiteA,PSRE,12,2013,1,0,3,3,1,1.68000766937
1233,SiteA,PSRE,13,2013,3,2,6,2,2,2.9899893482
1234,SiteA,PSRE,14,2013,3,1,3,0,3,0.752309163891
1235,SiteA,PSRE,15,2013,2,3,2,0,2,5.01742284835
1236,SiteA,PSRE,16,2013,2,2,0,5,3,0.315259255282
1237,SiteA,PSRE,17,2013,1,1,1,1,5,1.27148025975
1238,SiteA,PSRE,18,2013,2,3,2,2,1,0.835162095765
1239,SiteA,PSRE,19,2013,6,3,3,3,0,6.07478198305
1240,SiteA,RACA,0,2013,2,1,1,3,1,1.0535878224
1241,SiteA,RACA,1,2013,3,4,1,4,1,3.60086829809
1242,SiteA,RACA,2,2013,2,2,1,1,3,2.13948002569
1243,SiteA,RACA,3,2013,2,1,3,2,1,2.76111590878
1244,SiteA,RACA,4,2013,1,3,3,2,3,34.7878039433
1245,SiteA,RACA,5,2013,3,2,3,0,5,5.84661463081
1246,SiteA,RACA,6,2013,0,1,1,4,5,6.50064689409
1247,SiteA,RACA,7,2013,3,2,1,2,2,2.63391396677
1248,SiteA,RACA,8,2013,3,0,0,6,1,1.45964353176
1249,SiteA,RACA,9,2013,2,7,4,0,4,2.71088454017
1250,SiteA,RACA,10,2013,2,3,3,2,2,2.31999873799
1251,SiteA,RACA,11,2013,3,0,1,3,1,4.85026590418
1252,SiteA,RACA,12,2013,4,2,2,2,0,4.80541154959
1253,SiteA,RACA,13,2013,0,2,0,1,1,6.01677814218
1254,SiteA,RACA,14,2013,4,5,1,1,1,3.67993871873
1255,SiteA,RACA,15,2013,6,0,1,2,0,2.73642326149
1256,SiteA,RACA,16,2013,1,2,3,0,2,3.86786516071
1257,SiteA,RACA,17,2013,1,2,1,1,3,7.07115937198
1258,SiteA,RACA,18,2013,1,1,1,1,2,9.32216205111
1259,SiteA,RACA,19,2013,2,5,4,1,1,2.49454456928
1260,SiteA,TATO,0,2013,1,1,3,5,1,16.7700515075
1261,SiteA,TATO,1,2013,0,1,4,1,0,1.22338837345
1262,SiteA,TATO,2,2013,4,2,1,2,1,1.51200494364
1263,SiteA,TATO,3,2013,4,2,1,2,2,7.66771525188
1264,SiteA,TATO,4,2013,1,4,2,3,1,3.17274700969
1265,SiteA,TATO,5,2013,2,2,1,2,3,3.24129096808
1266,SiteA,TATO,6,2013,2,3,2,1,1,1.15495751566
1267,SiteA,TATO,7,2013,7,2,4,4,2,8.21351255652
1268,SiteA,TATO,8,2013,3,0,2,1,4,11.4334056202
1269,SiteA,TATO,9,2013,1,1,1,1,2,6.55747077552
1270,SiteA,TATO,10,2013,2,2,1,2,1,4.78707599741
1271,SiteA,TATO,11,2013,0,1,4,4,2,1.27338022377
1272,SiteA,TATO,12,2013,2,3,4,3,2,0.363759398423
1273,SiteA,TATO,13,2013,2,0,2,2,2,3.20290675631
1274,SiteA,TATO,14,2013,0,2,1,2,3,1.23027145065
1275,SiteA,TATO,15,2013,2,2,1,0,3,1.03377662198
1276,SiteA,TATO,16,2013,0,2,0,2,4,1.45491870806
1277,SiteA,TATO,17,2013,5,1,3,1,3,4.29954584052
1278,SiteA,TATO,18,2013,2,3,3,2,2,5.70186127506
1279,SiteA,TATO,19,2013,0,1,2,3,1,5.13831792915
1280,SiteA,TAGR,0,2013,2,0,3,3,1,11.7255234057
1281,SiteA,TAGR,1,2013,1,2,3,2,0,1.71216869719
1282,SiteA,TAGR,2,2013,1,4,0,1,5,42.3535287374
1283,SiteA,TAGR,3,2013,3,4,1,2,1,2.47242343017
1284,SiteA,TAGR,4,2013,0,4,4,3,1,5.17620224436
1285,SiteA,TAGR,5,2013,3,0,2,0,1,3.28207595706
1286,SiteA,TAGR,6,2013,3,2,4,2,4,2.45440127474
1287,SiteA,TAGR,7,2013,1,3,1,0,4,5.57554351275
1288,SiteA,TAGR,8,2013,2,3,1,1,3,9.49213369871
1289,SiteA,TAGR,9,2013,0,1,2,3,1,2.14368190259
1290,SiteA,TAGR,10,2013,2,0,2,0,4,13.0022403734
1291,SiteA,TAGR,11,2013,1,3,4,2,2,1.06574028407
1292,SiteA,TAGR,12,2013,3,2,1,4,1,2.09392876278
1293,SiteA,TAGR,13,2013,4,2,1,1,2,5.38435467037
1294,SiteA,TAGR,14,2013,5,2,2,2,1,6.90766202134
1295,SiteA,TAGR,15,2013,4,1,0,0,4,2.39383198559
1296,SiteA,TAGR,16,2013,2,1,3,3,1,4.2979347235
1297,SiteA,TAGR,17,2013,4,5,1,4,3,0.921660816488
1298,SiteA,TAGR,18,2013,1,4,5,4,2,1.29255441979
1299,SiteA,TAGR,19,2013,2,1,1,5,2,0.756625866923
1300,SiteB,BUBO,0,2013,0,0,0,0,2,0.625102440537
1301,SiteB,BUBO,1,2013,1,3,0,1,3,5.8892216012
1302,SiteB,BUBO,2,2013,4,2,5,1,1,1.84472235922
1303,SiteB,BUBO,3,2013,4,2,3,1,3,3.15988236585
1304,SiteB,BUBO,4,2013,4,0,0,1,1,1.87133961347
1305,SiteB,BUBO,5,2013,3,1,1,4,1,3.70231116169
1306,SiteB,BUBO,6,2013,0,2,1,4,0,9.71258961741
1307,SiteB,BUBO,7,2013,3,2,1,2,1,2.93942606425
1308,SiteB,BUBO,8,2013,5,1,2,4,3,14.6017933697
1309,SiteB,BUBO,9,2013,2,0,4,1,2,13.6972624273
1310,SiteB,BUBO,10,2013,1,0,0,1,0,6.60011115392
1311,SiteB,BUBO,11,2013,3,3,3,2,1,5.62568456377
1312,SiteB,BUBO,12,2013,0,0,1,3,3,0.787221060297
1313,SiteB,BUBO,13,2013,4,3,3,1,3,1.52681393132
1314,SiteB,BUBO,14,2013,3,1,3,1,3,0.20180304375
1315,SiteB,BUBO,15,2013,3,2,4,3,0,2.55373127072
1316,SiteB,BUBO,16,2013,2,1,0,0,3,1.99677115797
1317,SiteB,BUBO,17,2013,3,1,2,3,1,3.10078219162
1318,SiteB,BUBO,18,2013,5,3,2,1,1,4.39262297991
1319,SiteB,BUBO,19,2013,1,3,3,0,1,1.92689523511
1320,SiteB,PSRE,0,2013,1,4,1,3,4,0.832755010339
1321,SiteB,PSRE,1,2013,2,1,3,0,2,18.384450615
1322,SiteB,PSRE,2,2013,2,4,3,3,1,1.0046568405
1323,SiteB,PSRE,3,2013,2,0,2,2,4,0.948017877857
1324,SiteB,PSRE,4,2013,2,0,3,3,1,1.78343129586
1325,SiteB,PSRE,5,2013,4,3,1,3,2,2.91335438699
1326,SiteB,PSRE,6,2013,0,5,2,2,2,1.0677952132
1327,SiteB,PSRE,7,2013,1,2,0,6,1,0.684425341487
1328,SiteB,PSRE,8,2013,2,3,2,1,3,2.59336246892
1329,SiteB,PSRE,9,2013,1,0,4,1,0,1.79685679082
1330,SiteB,PSRE,10,2013,1,1,1,2,3,1.24002682677
1331,SiteB,PSRE,11,2013,4,3,1,0,0,7.48820922406
1332,SiteB,PSRE,12,2013,4,0,3,1,3,1.85382645293
1333,SiteB,PSRE,13,2013,2,3,2,0,1,0.914568849091
1334,SiteB,PSRE,14,2013,2,0,0,2,1,3.42335130236
1335,SiteB,PSRE,15,2013,2,3,1,3,3,4.55729553951
1336,SiteB,PSRE,16,2013,2,0,3,1,3,1.81064535135
1337,SiteB,PSRE,17,2013,2,2,0,1,1,3.00875775581
1338,SiteB,PSRE,18,2013,1,2,6,2,2,1.48853268531
1339,SiteB,PSRE,19,2013,5,1,3,3,0,0.407952579932
1340,SiteB,RACA,0,2013,2,0,1,3,3,2.99727698318
1341,SiteB,RACA,1,2013,0,3,0,2,2,0.777456297874
1342,SiteB,RACA,2,2013,1,1,3,4,2,4.37108159381
1343,SiteB,RACA,3,2013,2,3,1,1,0,1.83836843671
1344,SiteB,RACA,4,2013,4,4,0,2,6,0.715695852619
1345,SiteB,RACA,5,2013,2,4,1,3,7,1.82422134505
1346,SiteB,RACA,6,2013,3,0,5,4,0,5.63217176106
1347,SiteB,RACA,7,2013,4,1,2,3,3,1.16316537609
1348,SiteB,RACA,8,2013,1,4,5,2,2,1.23448175838
1349,SiteB,RACA,9,2013,0,0,2,2,0,3.84130174737
1350,SiteB,RACA,10,2013,2,3,2,1,2,2.01195274763
1351,SiteB,RACA,11,2013,2,1,1,5,4,0.672555959872
1352,SiteB,RACA,12,2013,2,1,4,5,2,5.05562508139
1353,SiteB,RACA,13,2013,0,4,3,4,2,4.42934356706
1354,SiteB,RACA,14,2013,1,0,0,3,1,0.811848430655
1355,SiteB,RACA,15,2013,2,3,2,2,5,1.79596819228
1356,SiteB,RACA,16,2013,1,1,1,1,2,1.04718891318
1357,SiteB,RACA,17,2013,0,4,0,5,2,1.15015976256
1358,SiteB,RACA,18,2013,2,2,3,1,1,5.57154749833
1359,SiteB,RACA,19,2013,0,3,1,3,3,1.62933743361
1360,SiteB,TATO,0,2013,0,2,2,1,0,1.17272898179
1361,SiteB,TATO,1,2013,6,3,2,3,0,2.09047106588
1362,SiteB,TATO,2,2013,1,4,2,1,2,1.29523472016
1363,SiteB,TATO,3,2013,1,5,0,2,3,8.18132183776
1364,SiteB,TATO,4,2013,1,3,1,2,1,1.66446363466
1365,SiteB,TATO,5,2013,1,1,1,0,1,10.7944235185
1366,SiteB,TATO,6,2013,2,4,0,2,2,0.406853524958
1367,SiteB,TATO,7,2013,4,1,2,4,0,5.00724324744
1368,SiteB,TATO,8,2013,2,2,2,2,4,13.1659034588
1369,SiteB,TATO,9,2013,1,2,3,3,2,4.20006456778
1370,SiteB,TATO,10,2013,3,1,1,2,1,1.26821589098
1371,SiteB,TATO,11,2013,3,0,2,2,0,0.65274567293
1372,SiteB,TATO,12,2013,4,1,0,2,2,2.75628410927
1373,SiteB,TATO,13,2013,5,2,3,6,1,10.8368865081
1374,SiteB,TATO,14,2013,1,1,1,0,2,35.2438834127
1375,SiteB,TATO,15,2013,5,0,1,3,1,0.419768051348
1376,SiteB,TATO,16,2013,3,3,2,0,0,0.534190434554
1377,SiteB,TATO,17,2013,1,2,2,2,1,1.95025612347
1378,SiteB,TATO,18,2013,3,5,2,2,7,1.50956315615
1379,SiteB,TATO,19,2013,2,3,2,2,2,2.54854446405
1380,SiteB,TAGR,0,2013,1,3,0,2,5,3.56054306958
1381,SiteB,TAGR,1,2013,0,3,4,3,4,7.94385483082
1382,SiteB,TAGR,2,2013,2,2,3,0,4,4.91917081589
1383,SiteB,TAGR,3,2013,1,3,2,1,4,2.13221733508
1384,SiteB,TAGR,4,2013,0,4,3,1,1,11.8602998876
1385,SiteB,TAGR,5,2013,2,1,0,0,0,1.58222944203
1386,SiteB,TAGR,6,2013,3,3,2,3,2,12.7147725133
1387,SiteB,TAGR,7,2013,0,0,3,2,2,2.39958127267
1388,SiteB,TAGR,8,2013,1,0,0,2,2,2.13581021243
1389,SiteB,TAGR,9,2013,1,2,1,2,2,1.0484209543
1390,SiteB,TAGR,10,2013,5,1,3,2,4,4.00442059485
1391,SiteB,TAGR,11,2013,0,3,2,2,2,2.03704559975
1392,SiteB,TAGR,12,2013,2,3,0,2,3,2.13381392248
1393,SiteB,TAGR,13,2013,3,3,0,0,3,2.05931891514
1394,SiteB,TAGR,14,2013,3,3,5,6,1,4.49549817198
1395,SiteB,TAGR,15,2013,1,2,2,1,2,2.96464973544
1396,SiteB,TAGR,16,2013,1,0,2,0,3,4.06641795781
1397,SiteB,TAGR,17,2013,1,3,1,0,0,3.93449427468
1398,SiteB,TAGR,18,2013,3,0,4,3,1,2.81642054347
1399,SiteB,TAGR,19,2013,3,0,3,1,4,5.86914421049
1400,SiteC,BUBO,0,2013,1,2,1,2,2,3.91574720402
1401,SiteC,BUBO,1,2013,1,2,4,2,1,2.03118833769
1402,SiteC,BUBO,2,2013,4,1,3,4,1,2.62566341905
1403,SiteC,BUBO,3,2013,0,1,2,2,2,0.411212696554
1404,SiteC,BUBO,4,2013,3,0,3,1,1,0.217558406369
1405,SiteC,BUBO,5,2013,0,0,2,2,2,3.9746241267
1406,SiteC,BUBO,6,2013,2,3,2,2,3,0.392331563091
1407,SiteC,BUBO,7,2013,4,0,5,1,4,8.38971471223
1408,SiteC,BUBO,8,2013,2,1,1,2,1,2.13167707938
1409,SiteC,BUBO,9,2013,1,1,2,2,1,1.61547173149
1410,SiteC,BUBO,10,2013,4,3,5,2,4,8.21967103478
1411,SiteC,BUBO,11,2013,0,2,0,3,3,5.38393395713
1412,SiteC,BUBO,12,2013,2,1,2,0,1,1.60492155683
1413,SiteC,BUBO,13,2013,3,0,0,3,0,0.752708988452
1414,SiteC,BUBO,14,2013,0,3,3,1,0,3.99844141337
1415,SiteC,BUBO,15,2013,5,5,3,3,3,3.64064954443
1416,SiteC,BUBO,16,2013,0,1,0,4,2,4.8435164576
1417,SiteC,BUBO,17,2013,1,1,5,2,4,1.93184717412
1418,SiteC,BUBO,18,2013,2,2,2,0,2,1.68853368773
1419,SiteC,BUBO,19,2013,0,2,3,0,3,3.17414879432
1420,SiteC,PSRE,0,2013,0,2,3,2,1,6.01751651631
1421,SiteC,PSRE,1,2013,3,4,4,3,0,1.17382653328
1422,SiteC,PSRE,2,2013,3,1,1,1,5,1.91598741421
1423,SiteC,PSRE,3,2013,2,2,3,1,2,0.654451647873
1424,SiteC,PSRE,4,2013,3,3,2,4,5,1.89943648583
1425,SiteC,PSRE,5,2013,2,4,6,3,2,6.77908263562
1426,SiteC,PSRE,6,2013,2,1,0,0,1,5.19036561366
1427,SiteC,PSRE,7,2013,3,4,2,4,0,3.54168815132
1428,SiteC,PSRE,8,2013,2,2,0,1,0,3.43429538523
1429,SiteC,PSRE,9,2013,2,0,0,0,2,3.86180156831
1430,SiteC,PSRE,10,2013,1,2,2,1,2,4.64058817971
1431,SiteC,PSRE,11,2013,2,4,2,2,3,3.76647545922
1432,SiteC,PSRE,12,2013,1,4,1,3,0,8.65969234361
1433,SiteC,PSRE,13,2013,2,1,2,3,2,0.685707549615
1434,SiteC,PSRE,14,2013,1,1,5,2,1,8.2872015525
1435,SiteC,PSRE,15,2013,2,1,0,2,2,1.79502529607
1436,SiteC,PSRE,16,2013,0,2,4,2,6,37.150536506
1437,SiteC,PSRE,17,2013,2,0,0,2,1,6.36438391325
1438,SiteC,PSRE,18,2013,2,1,3,1,2,8.21059797926
1439,SiteC,PSRE,19,2013,4,1,2,3,2,1.34765390527
1440,SiteC,RACA,0,2013,1,2,2,1,0,1.12909415572
1441,SiteC,RACA,1,2013,2,3,1,1,3,3.09494977053
1442,SiteC,RACA,2,2013,3,0,2,1,0,4.50613145993
1443,SiteC,RACA,3,2013,4,3,3,0,0,3.37221260019
1444,SiteC,RACA,4,2013,2,2,1,4,4,3.60693382633
1445,SiteC,RACA,5,2013,1,0,1,2,4,11.1125008424
1446,SiteC,RACA,6,2013,1,3,3,1,2,7.69181868919
1447,SiteC,RACA,7,2013,3,2,4,4,5,3.29453710414
1448,SiteC,RACA,8,2013,2,0,2,2,2,2.45023800025
1449,SiteC,RACA,9,2013,0,4,2,2,2,1.73165992808
1450,SiteC,RACA,10,2013,3,0,4,2,3,0.473417250235
1451,SiteC,RACA,11,2013,2,2,2,2,2,3.43802313089
1452,SiteC,RACA,12,2013,1,4,4,2,0,1.25418658497
1453,SiteC,RACA,13,2013,4,3,1,2,3,2.13884451335
1454,SiteC,RACA,14,2013,0,2,2,2,0,4.26528057362
1455,SiteC,RACA,15,2013,1,1,2,2,0,1.69852006688
1456,SiteC,RACA,16,2013,6,3,2,3,2,0.827014881273
1457,SiteC,RACA,17,2013,2,1,0,2,3,0.993756763125
1458,SiteC,RACA,18,2013,3,2,2,6,2,1.45633633962
1459,SiteC,RACA,19,2013,3,3,2,4,3,3.2479252787
1460,SiteC,TATO,0,2013,0,3,3,2,1,1.05521139441
1461,SiteC,TATO,1,2013,2,0,3,1,2,2.68506518103
1462,SiteC,TATO,2,2013,2,2,4,5,0,29.0410327528
1463,SiteC,TATO,3,2013,0,2,3,2,4,11.4659998196
1464,SiteC,TATO,4,2013,2,2,4,3,1,6.89758117041
1465,SiteC,TATO,5,2013,3,0,1,1,3,3.17497118257
1466,SiteC,TATO,6,2013,2,4,2,0,2,18.643907894
1467,SiteC,TATO,7,2013,5,2,2,0,4,8.1020077835
1468,SiteC,TATO,8,2013,4,1,4,1,3,9.88867761833
1469,SiteC,TATO,9,2013,0,0,2,1,3,4.56631499657
1470,SiteC,TATO,10,2013,1,3,1,0,2,19.5632853213
1471,SiteC,TATO,11,2013,3,2,2,3,1,2.09447189759
1472,SiteC,TATO,12,2013,0,7,0,2,1,2.45710841178
1473,SiteC,TATO,13,2013,1,3,1,2,3,3.07025022603
1474,SiteC,TATO,14,2013,5,1,2,0,0,0.472453266833
1475,SiteC,TATO,15,2013,2,0,3,3,2,4.78624533787
1476,SiteC,TATO,16,2013,2,3,1,1,1,2.52265494588
1477,SiteC,TATO,17,2013,3,3,2,1,5,1.82875623971
1478,SiteC,TATO,18,2013,3,3,2,2,1,2.48626153617
1479,SiteC,TATO,19,2013,2,0,1,2,2,13.3119661365
1480,SiteC,TAGR,0,2013,0,5,2,1,2,1.30869798614
1481,SiteC,TAGR,1,2013,1,3,2,2,1,0.479473405228
1482,SiteC,TAGR,2,2013,7,2,3,4,1,3.8365042985
1483,SiteC,TAGR,3,2013,3,1,3,5,2,2.24715754451
1484,SiteC,TAGR,4,2013,1,2,2,2,0,3.74677784598
1485,SiteC,TAGR,5,2013,2,2,0,2,4,2.5055998955
1486,SiteC,TAGR,6,2013,1,3,1,2,3,2.1706532182
1487,SiteC,TAGR,7,2013,3,1,4,0,0,3.51332236047
1488,SiteC,TAGR,8,2013,3,1,0,4,3,6.05087295916
1489,SiteC,TAGR,9,2013,5,1,3,2,9,4.79487927022
1490,SiteC,TAGR,10,2013,4,1,2,0,0,7.97115227335
1491,SiteC,TAGR,11,2013,0,1,1,2,2,0.486951570682
1492,SiteC,TAGR,12,2013,4,3,3,3,0,3.96710804173
1493,SiteC,TAGR,13,2013,2,2,4,0,4,1.58308886005
1494,SiteC,TAGR,14,2013,3,2,1,1,1,0.822857207844
1495,SiteC,TAGR,15,2013,2,2,2,3,2,2.42004753701
1496,SiteC,TAGR,16,2013,1,2,2,1,2,0.824030436867
1497,SiteC,TAGR,17,2013,0,4,4,2,1,0.32164749129
1498,SiteC,TAGR,18,2013,3,1,2,4,4,11.9065938891
1499,SiteC,TAGR,19,2013,0,4,1,0,0,0.956570001319
1500,SiteA,BUBO,0,2014,4,2,1,4,0,0.589541404148
1501,SiteA,BUBO,1,2014,3,0,1,0,1,1.57303028204
1502,SiteA,BUBO,2,2014,2,3,0,5,2,1.671435398
1503,SiteA,BUBO,3,2014,1,5,1,5,1,1.12337638654
1504,SiteA,BUBO,4,2014,2,2,2,4,0,4.21555045431
1505,SiteA,BUBO,5,2014,3,3,3,2,0,2.14069440321
1506,SiteA,BUBO,6,2014,3,2,1,1,1,2.59511034077
1507,SiteA,BUBO,7,2014,3,4,4,6,3,2.84683477555
1508,SiteA,BUBO,8,2014,1,2,2,0,3,1.44610024079
1509,SiteA,BUBO,9,2014,2,5,1,2,1,1.58396248814
1510,SiteA,BUBO,10,2014,2,4,0,1,2,10.4656923281
1511,SiteA,BUBO,11,2014,1,4,1,1,2,7.87695721304
1512,SiteA,BUBO,12,2014,3,5,1,0,2,0.238791458793
1513,SiteA,BUBO,13,2014,1,2,2,1,3,2.33165414392
1514,SiteA,BUBO,14,2014,1,3,3,2,4,4.22063691532
1515,SiteA,BUBO,15,2014,3,3,3,2,3,6.85665632922
1516,SiteA,BUBO,16,2014,2,2,2,1,4,9.93284469631
1517,SiteA,BUBO,17,2014,4,3,1,1,0,10.9056781532
1518,SiteA,BUBO,18,2014,1,3,1,4,2,8.69429645641
1519,SiteA,BUBO,19,2014,0,2,0,1,2,2.57002603585
1520,SiteA,PSRE,0,2014,3,2,2,2,2,3.84101791431
1521,SiteA,PSRE,1,2014,1,2,0,4,2,4.2398375223
1522,SiteA,PSRE,2,2014,1,2,3,1,1,2.47259356555
1523,SiteA,PSRE,3,2014,2,4,2,2,2,12.0325846638
1524,SiteA,PSRE,4,2014,1,0,2,0,1,6.14383390493
1525,SiteA,PSRE,5,2014,2,3,2,2,3,8.67746914784
1526,SiteA,PSRE,6,2014,5,1,1,2,1,1.27034164951
1527,SiteA,PSRE,7,2014,2,2,3,2,2,4.7361376877
1528,SiteA,PSRE,8,2014,3,4,5,3,5,3.85051431521
1529,SiteA,PSRE,9,2014,3,2,3,1,5,1.35063856073
1530,SiteA,PSRE,10,2014,0,6,1,3,2,0.628703735139
1531,SiteA,PSRE,11,2014,0,1,5,0,2,2.67944471396
1532,SiteA,PSRE,12,2014,2,5,1,4,6,1.35734764432
1533,SiteA,PSRE,13,2014,2,2,0,2,1,0.651684556859
1534,SiteA,PSRE,14,2014,0,2,2,3,2,1.46911245077
1535,SiteA,PSRE,15,2014,2,1,3,4,1,1.87884716401
1536,SiteA,PSRE,16,2014,1,2,0,1,1,0.562357263358
1537,SiteA,PSRE,17,2014,0,1,1,3,0,3.06676318716
1538,SiteA,PSRE,18,2014,3,0,2,1,0,7.38450817857
1539,SiteA,PSRE,19,2014,4,1,4,1,0,16.793554804
1540,SiteA,RACA,0,2014,1,4,1,3,0,1.47447193087
1541,SiteA,RACA,1,2014,0,1,6,1,2,3.73533298696
1542,SiteA,RACA,2,2014,2,1,1,1,1,17.783088036
1543,SiteA,RACA,3,2014,1,2,1,2,2,1.04378081161
1544,SiteA,RACA,4,2014,2,1,2,1,2,0.298534030388
1545,SiteA,RACA,5,2014,3,0,3,2,0,3.09067402099
1546,SiteA,RACA,6,2014,2,4,4,2,5,1.47803378388
1547,SiteA,RACA,7,2014,1,2,3,1,2,6.08838073318
1548,SiteA,RACA,8,2014,2,2,4,2,3,3.01936092294
1549,SiteA,RACA,9,2014,1,4,1,3,4,2.03264752995
1550,SiteA,RACA,10,2014,4,1,1,3,1,2.09973430854
1551,SiteA,RACA,11,2014,0,4,0,2,2,2.41578217723
1552,SiteA,RACA,12,2014,2,3,1,0,3,0.837047048815
1553,SiteA,RACA,13,2014,0,2,3,0,5,5.76865948192
1554,SiteA,RACA,14,2014,1,2,1,1,1,3.86058908054
1555,SiteA,RACA,15,2014,3,2,5,2,4,29.0035105243
1556,SiteA,RACA,16,2014,4,0,1,2,2,3.57348957628
1557,SiteA,RACA,17,2014,5,1,1,0,3,0.454189852158
1558,SiteA,RACA,18,2014,1,3,2,0,1,3.32909731991
1559,SiteA,RACA,19,2014,1,0,3,1,2,1.01740447376
1560,SiteA,TATO,0,2014,3,5,2,0,1,0.592222934315
1561,SiteA,TATO,1,2014,2,2,2,3,2,8.13003726807
1562,SiteA,TATO,2,2014,1,1,1,5,0,2.76598227712
1563,SiteA,TATO,3,2014,4,2,0,3,2,0.475970313903
1564,SiteA,TATO,4,2014,3,0,3,4,1,0.4489461171
1565,SiteA,TATO,5,2014,1,5,2,1,1,1.36967942825
1566,SiteA,TATO,6,2014,3,0,0,5,3,7.23910475945
1567,SiteA,TATO,7,2014,1,2,0,0,3,5.83671011943
1568,SiteA,TATO,8,2014,1,1,1,1,1,0.898869564027
1569,SiteA,TATO,9,2014,4,2,1,2,0,5.16559086758
1570,SiteA,TATO,10,2014,1,1,2,0,1,1.48596043313
1571,SiteA,TATO,11,2014,2,3,2,1,2,25.269080093
1572,SiteA,TATO,12,2014,1,1,2,3,2,1.41542399583
1573,SiteA,TATO,13,2014,2,1,1,2,2,1.91048272781
1574,SiteA,TATO,14,2014,4,0,1,1,3,2.38701002625
1575,SiteA,TATO,15,2014,4,2,3,3,3,7.62185086142
1576,SiteA,TATO,16,2014,3,2,2,1,3,21.4500589774
1577,SiteA,TATO,17,2014,1,2,1,0,2,71.2707739404
1578,SiteA,TATO,18,2014,2,3,3,0,1,24.6508248361
1579,SiteA,TATO,19,2014,0,2,5,2,1,1.07091208461
1580,SiteA,TAGR,0,2014,1,4,1,1,2,3.04436358634
1581,SiteA,TAGR,1,2014,3,3,0,1,2,7.85863057542
1582,SiteA,TAGR,2,2014,1,4,0,0,4,0.828686242244
1583,SiteA,TAGR,3,2014,1,2,2,2,3,6.95628849206
1584,SiteA,TAGR,4,2014,1,2,2,3,3,5.27992581836
1585,SiteA,TAGR,5,2014,0,3,5,2,1,6.24531766569
1586,SiteA,TAGR,6,2014,2,0,3,5,1,0.928777638464
1587,SiteA,TAGR,7,2014,0,0,3,1,1,2.93851642443
1588,SiteA,TAGR,8,2014,3,2,3,1,1,4.59514618553
1589,SiteA,TAGR,9,2014,3,6,3,0,3,5.43396002286
1590,SiteA,TAGR,10,2014,2,4,0,4,2,10.4584025654
1591,SiteA,TAGR,11,2014,1,3,0,0,1,1.0547596748
1592,SiteA,TAGR,12,2014,2,3,4,1,3,6.58982053628
1593,SiteA,TAGR,13,2014,1,3,0,3,1,4.6915383224
1594,SiteA,TAGR,14,2014,1,4,1,1,4,6.10853283408
1595,SiteA,TAGR,15,2014,3,2,2,2,1,5.06810641557
1596,SiteA,TAGR,16,2014,5,2,2,3,1,2.79607961412
1597,SiteA,TAGR,17,2014,1,2,5,0,4,5.14864570438
1598,SiteA,TAGR,18,2014,0,1,2,0,2,4.08767615422
1599,SiteA,TAGR,19,2014,2,0,1,2,1,0.918179397965
1600,SiteB,BUBO,0,2014,1,0,1,1,1,8.45415101998
1601,SiteB,BUBO,1,2014,3,2,0,1,4,3.66570496705
1602,SiteB,BUBO,2,2014,4,6,2,1,2,1.18021233886
1603,SiteB,BUBO,3,2014,2,5,1,1,4,11.0994737631
1604,SiteB,BUBO,4,2014,2,1,1,1,2,5.04684490293
1605,SiteB,BUBO,5,2014,2,4,0,0,2,2.05250921155
1606,SiteB,BUBO,6,2014,2,1,1,2,3,0.78077854193
1607,SiteB,BUBO,7,2014,1,3,2,2,0,1.86912943481
1608,SiteB,BUBO,8,2014,4,3,4,2,3,1.39836974121
1609,SiteB,BUBO,9,2014,1,4,2,4,2,14.7242334824
1610,SiteB,BUBO,10,2014,0,0,1,4,3,0.808731339211
1611,SiteB,BUBO,11,2014,1,3,2,4,2,0.793790814688
1612,SiteB,BUBO,12,2014,0,2,3,1,2,4.06027968752
1613,SiteB,BUBO,13,2014,0,3,2,2,0,6.89680888376
1614,SiteB,BUBO,14,2014,1,2,1,0,2,1.97575625778
1615,SiteB,BUBO,15,2014,2,4,1,3,1,2.49720590878
1616,SiteB,BUBO,16,2014,4,5,2,2,1,5.71252186933
1617,SiteB,BUBO,17,2014,6,2,3,3,2,3.68072918448
1618,SiteB,BUBO,18,2014,6,0,4,4,0,0.417247550795
1619,SiteB,BUBO,19,2014,3,1,0,2,5,4.82197922023
1620,SiteB,PSRE,0,2014,3,4,4,4,4,3.94267074934
1621,SiteB,PSRE,1,2014,1,0,2,4,2,4.52399539642
1622,SiteB,PSRE,2,2014,0,3,2,3,2,1.11927502197
1623,SiteB,PSRE,3,2014,2,1,0,2,1,2.15933703323
1624,SiteB,PSRE,4,2014,1,0,6,1,0,0.409328147215
1625,SiteB,PSRE,5,2014,0,2,0,2,2,2.52765803194
1626,SiteB,PSRE,6,2014,1,2,0,2,1,15.4183749178
1627,SiteB,PSRE,7,2014,3,3,2,3,6,2.83553534593
1628,SiteB,PSRE,8,2014,2,2,1,1,6,2.8346124417
1629,SiteB,PSRE,9,2014,3,1,3,1,0,0.689861714674
1630,SiteB,PSRE,10,2014,3,3,1,2,6,3.28579825316
1631,SiteB,PSRE,11,2014,1,1,3,1,1,0.439536534407
1632,SiteB,PSRE,12,2014,4,1,2,3,2,0.508841944923
1633,SiteB,PSRE,13,2014,4,3,3,1,3,6.4721744889
1634,SiteB,PSRE,14,2014,1,0,1,1,3,2.68160461581
1635,SiteB,PSRE,15,2014,1,0,1,0,3,2.88102715558
1636,SiteB,PSRE,16,2014,2,2,1,2,0,2.60960493084
1637,SiteB,PSRE,17,2014,2,3,3,2,2,3.2191970805
1638,SiteB,PSRE,18,2014,5,1,2,0,2,0.854795308332
1639,SiteB,PSRE,19,2014,0,2,3,1,0,9.6391919728
1640,SiteB,RACA,0,2014,1,2,3,3,1,1.56563872551
1641,SiteB,RACA,1,2014,0,1,1,4,2,1.23242468983
1642,SiteB,RACA,2,2014,2,1,4,2,1,8.46589734947
1643,SiteB,RACA,3,2014,3,2,2,3,2,1.10260743874
1644,SiteB,RACA,4,2014,2,3,2,1,3,3.71987690856
1645,SiteB,RACA,5,2014,5,3,5,1,1,0.639448208359
1646,SiteB,RACA,6,2014,0,2,1,1,2,1.11823180535
1647,SiteB,RACA,7,2014,2,3,1,1,6,7.90930100862
1648,SiteB,RACA,8,2014,2,4,0,1,1,27.8792307878
1649,SiteB,RACA,9,2014,2,2,0,0,1,2.05407178453
1650,SiteB,RACA,10,2014,3,2,0,2,2,2.61821952127
1651,SiteB,RACA,11,2014,2,1,4,2,2,3.0901632519
1652,SiteB,RACA,12,2014,3,1,1,4,4,10.4231938722
1653,SiteB,RACA,13,2014,2,2,3,1,2,4.99835789723
1654,SiteB,RACA,14,2014,2,2,1,2,2,2.98634383282
1655,SiteB,RACA,15,2014,3,3,2,2,2,2.23736116108
1656,SiteB,RACA,16,2014,0,6,1,3,1,0.861496699885
1657,SiteB,RACA,17,2014,2,1,3,2,3,2.35257287371
1658,SiteB,RACA,18,2014,1,2,1,1,2,4.19956654439
1659,SiteB,RACA,19,2014,5,1,0,2,2,1.1130873535
1660,SiteB,TATO,0,2014,2,3,1,1,3,30.0058788845
1661,SiteB,TATO,1,2014,4,2,2,2,2,7.13600313083
1662,SiteB,TATO,2,2014,1,1,1,1,4,1.09566927601
1663,SiteB,TATO,3,2014,3,2,3,1,3,0.612332008072
1664,SiteB,TATO,4,2014,4,4,1,1,2,3.91765508086
1665,SiteB,TATO,5,2014,3,1,1,2,1,16.5394713692
1666,SiteB,TATO,6,2014,5,6,5,2,1,0.995410101651
1667,SiteB,TATO,7,2014,1,1,4,2,2,1.8792178404
1668,SiteB,TATO,8,2014,4,1,1,1,1,2.71596845611
1669,SiteB,TATO,9,2014,0,2,2,3,0,1.9621923024
1670,SiteB,TATO,10,2014,2,1,8,1,4,2.26145979443
1671,SiteB,TATO,11,2014,0,2,3,0,4,1.98953187919
1672,SiteB,TATO,12,2014,1,1,2,0,0,1.06910528088
1673,SiteB,TATO,13,2014,5,0,1,2,1,4.36831072231
1674,SiteB,TATO,14,2014,4,2,2,3,1,2.88653760823
1675,SiteB,TATO,15,2014,3,1,2,1,6,12.3492455029
1676,SiteB,TATO,16,2014,1,3,2,1,2,1.46834181102
1677,SiteB,TATO,17,2014,1,3,5,3,4,7.09402170724
1678,SiteB,TATO,18,2014,0,1,1,4,2,2.601826651
1679,SiteB,TATO,19,2014,1,3,3,3,3,0.882372994953
1680,SiteB,TAGR,0,2014,0,4,3,0,1,10.5592441208
1681,SiteB,TAGR,1,2014,2,4,1,0,1,1.06747056426
1682,SiteB,TAGR,2,2014,2,2,3,0,2,1.89082977858
1683,SiteB,TAGR,3,2014,4,1,1,1,1,1.95135063535
1684,SiteB,TAGR,4,2014,2,1,2,4,3,3.81324982393
1685,SiteB,TAGR,5,2014,0,0,3,1,5,0.539259004141
1686,SiteB,TAGR,6,2014,0,2,3,2,4,10.3999213704
1687,SiteB,TAGR,7,2014,3,2,1,3,0,3.0996100878
1688,SiteB,TAGR,8,2014,0,3,2,0,0,22.0322856392
1689,SiteB,TAGR,9,2014,1,3,2,0,2,0.755726079886
1690,SiteB,TAGR,10,2014,2,2,4,2,0,1.51798382223
1691,SiteB,TAGR,11,2014,0,3,0,2,3,17.3928621828
1692,SiteB,TAGR,12,2014,3,2,1,2,1,0.811988450357
1693,SiteB,TAGR,13,2014,2,3,2,2,3,3.64418304194
1694,SiteB,TAGR,14,2014,1,2,4,0,2,4.90614802926
1695,SiteB,TAGR,15,2014,1,1,3,2,3,2.44347979673
1696,SiteB,TAGR,16,2014,2,0,2,0,2,9.32934595707
1697,SiteB,TAGR,17,2014,1,4,1,1,3,1.63328157116
1698,SiteB,TAGR,18,2014,0,2,1,2,1,0.779872359383
1699,SiteB,TAGR,19,2014,5,2,3,1,1,5.43483143295
1700,SiteC,BUBO,0,2014,3,0,5,3,4,0.686568445805
1701,SiteC,BUBO,1,2014,1,0,2,2,1,8.18930550465
1702,SiteC,BUBO,2,2014,2,2,2,1,0,5.71448131246
1703,SiteC,BUBO,3,2014,0,3,3,1,3,8.15662256351
1704,SiteC,BUBO,4,2014,5,4,0,2,1,2.6910957166
1705,SiteC,BUBO,5,2014,3,1,1,4,1,5.12463757479
1706,SiteC,BUBO,6,2014,5,3,3,1,1,1.69087158905
1707,SiteC,BUBO,7,2014,0,2,2,2,1,8.9412368383
1708,SiteC,BUBO,8,2014,5,3,1,2,2,3.37791507243
1709,SiteC,BUBO,9,2014,2,0,1,5,2,10.5460557044
1710,SiteC,BUBO,10,2014,2,0,1,3,5,0.459003722236
1711,SiteC,BUBO,11,2014,3,0,2,0,1,0.883821758173
1712,SiteC,BUBO,12,2014,1,0,1,2,2,9.19194809753
1713,SiteC,BUBO,13,2014,1,1,3,1,0,2.02474687822
1714,SiteC,BUBO,14,2014,0,3,2,2,1,2.40922343051
1715,SiteC,BUBO,15,2014,2,2,1,1,2,1.70731109783
1716,SiteC,BUBO,16,2014,4,0,2,1,1,2.85551159276
1717,SiteC,BUBO,17,2014,3,1,3,1,3,0.939396027975
1718,SiteC,BUBO,18,2014,1,2,1,1,3,4.15037636285
1719,SiteC,BUBO,19,2014,1,4,3,0,1,0.567256207254
1720,SiteC,PSRE,0,2014,1,2,1,1,2,6.47404374825
1721,SiteC,PSRE,1,2014,2,3,1,1,3,6.18864522999
1722,SiteC,PSRE,2,2014,1,1,1,0,0,1.35573894829
1723,SiteC,PSRE,3,2014,2,1,0,2,0,10.8590065503
1724,SiteC,PSRE,4,2014,4,4,4,3,0,7.82303411802
1725,SiteC,PSRE,5,2014,5,2,1,2,3,1.65531921771
1726,SiteC,PSRE,6,2014,1,4,5,1,1,3.57961436877
1727,SiteC,PSRE,7,2014,2,2,3,3,2,2.03340001921
1728,SiteC,PSRE,8,2014,4,4,2,3,3,0.806688333426
1729,SiteC,PSRE,9,2014,2,3,0,1,1,3.68237003052
1730,SiteC,PSRE,10,2014,0,3,3,2,1,6.54376058684
1731,SiteC,PSRE,11,2014,3,2,4,3,2,2.99586753113
1732,SiteC,PSRE,12,2014,4,1,2,3,0,1.84804513578
1733,SiteC,PSRE,13,2014,2,1,0,0,0,3.20949061785
1734,SiteC,PSRE,14,2014,1,2,3,2,1,2.75212578605
1735,SiteC,PSRE,15,2014,3,5,2,1,1,2.78520191415
1736,SiteC,PSRE,16,2014,0,1,2,3,1,0.924055639634
1737,SiteC,PSRE,17,2014,3,2,5,3,3,10.0719961232
1738,SiteC,PSRE,18,2014,3,5,2,0,1,1.71009795006
1739,SiteC,PSRE,19,2014,3,1,2,4,0,3.48371881296
1740,SiteC,RACA,0,2014,4,2,0,5,1,7.1434499416
1741,SiteC,RACA,1,2014,1,5,3,1,0,0.493809693163
1742,SiteC,RACA,2,2014,2,0,2,1,1,0.648148351464
1743,SiteC,RACA,3,2014,0,1,0,2,2,0.737225679687
1744,SiteC,RACA,4,2014,1,4,0,2,2,6.12456245904
1745,SiteC,RACA,5,2014,6,3,3,1,2,4.07663822213
1746,SiteC,RACA,6,2014,2,3,2,2,1,8.1392569767
1747,SiteC,RACA,7,2014,3,1,5,2,0,0.938477795863
1748,SiteC,RACA,8,2014,0,2,1,3,2,2.55332081245
1749,SiteC,RACA,9,2014,1,3,3,0,0,18.8963141138
1750,SiteC,RACA,10,2014,1,2,0,2,3,1.87721666357
1751,SiteC,RACA,11,2014,2,4,2,3,1,3.63748283637
1752,SiteC,RACA,12,2014,3,2,3,4,1,2.39289849241
1753,SiteC,RACA,13,2014,1,2,3,0,0,0.723197171869
1754,SiteC,RACA,14,2014,3,4,3,4,2,5.72994702632
1755,SiteC,RACA,15,2014,4,3,0,2,2,6.79525294079
1756,SiteC,RACA,16,2014,3,1,2,2,2,9.6129170459
1757,SiteC,RACA,17,2014,1,0,6,3,0,3.55723671426
1758,SiteC,RACA,18,2014,2,2,3,1,0,1.87769839712
1759,SiteC,RACA,19,2014,1,1,2,0,3,1.67556900574
1760,SiteC,TATO,0,2014,5,2,1,2,2,2.61093953237
1761,SiteC,TATO,1,2014,0,2,1,3,1,0.685327067236
1762,SiteC,TATO,2,2014,3,2,2,2,0,0.819058711682
1763,SiteC,TATO,3,2014,2,2,1,2,3,3.63358247345
1764,SiteC,TATO,4,2014,2,3,1,3,4,3.57906452387
1765,SiteC,TATO,5,2014,0,4,1,4,2,4.03137090957
1766,SiteC,TATO,6,2014,2,2,1,1,2,0.675809418447
1767,SiteC,TATO,7,2014,4,0,2,1,2,1.70530258167
1768,SiteC,TATO,8,2014,4,3,1,3,4,2.0578523614
1769,SiteC,TATO,9,2014,0,2,2,1,1,1.09660404924
1770,SiteC,TATO,10,2014,0,3,1,4,3,2.38509659929
1771,SiteC,TATO,11,2014,2,2,1,2,0,6.35373271284
1772,SiteC,TATO,12,2014,2,1,1,3,0,2.87483528556
1773,SiteC,TATO,13,2014,2,2,1,1,3,1.7997557772
1774,SiteC,TATO,14,2014,5,3,1,2,1,3.13710255889
1775,SiteC,TATO,15,2014,3,0,1,4,1,0.684076965329
1776,SiteC,TATO,16,2014,2,1,1,0,4,6.49567434632
1777,SiteC,TATO,17,2014,1,3,2,3,1,1.43259907999
1778,SiteC,TATO,18,2014,2,7,4,1,5,3.88486863252
1779,SiteC,TATO,19,2014,3,2,4,0,3,16.7383793794
1780,SiteC,TAGR,0,2014,2,2,3,0,3,0.803924281706
1781,SiteC,TAGR,1,2014,2,1,1,2,2,10.2505409278
1782,SiteC,TAGR,2,2014,2,3,1,2,2,1.70605782581
1783,SiteC,TAGR,3,2014,0,0,1,3,1,3.41191296037
1784,SiteC,TAGR,4,2014,2,3,2,1,2,0.69571307014
1785,SiteC,TAGR,5,2014,5,0,1,3,2,2.64057874375
1786,SiteC,TAGR,6,2014,2,3,4,2,7,0.503415442947
1787,SiteC,TAGR,7,2014,2,0,2,1,1,0.951409811802
1788,SiteC,TAGR,8,2014,1,0,1,1,1,1.27183188133
1789,SiteC,TAGR,9,2014,4,3,2,0,3,5.89344802605
1790,SiteC,TAGR,10,2014,2,2,3,2,1,7.76394183695
1791,SiteC,TAGR,11,2014,2,1,2,2,5,2.36469181744
1792,SiteC,TAGR,12,2014,2,2,1,1,2,8.84245901338
1793,SiteC,TAGR,13,2014,1,1,1,1,0,11.4338149595
1794,SiteC,TAGR,14,2014,2,1,2,1,1,1.65352376363
1795,SiteC,TAGR,15,2014,2,1,1,0,1,1.32288053113
1796,SiteC,TAGR,16,2014,1,3,4,2,5,7.29208577877
1797,SiteC,TAGR,17,2014,2,1,3,2,1,3.21157091236
1798,SiteC,TAGR,18,2014,1,1,3,1,1,3.20649347747
1799,SiteC,TAGR,19,2014,5,2,5,3,6,15.2453188355
